CHROM,POS,REF,ALT,label,priPhCons,mamPhyloP,verPhyloP
10,54346365,C,T,1,0.721,0.931,0.175
13,39677579,G,A,1,0.854,4.394,10.098
3,48580897,G,A,1,0.573,-1.165,-2.183
21,42485804,C,T,1,0.372,2.575,3.84
X,18604023,C,T,1,0.993,0.313,0.226
19,17516280,G,A,1,0.853,2.842,4.33
9,34649519,C,T,1,0.998,2.831,1.55
11,65526207,C,T,1,0.979,-1.383,-2.107
2,71679235,G,A,1,0.86,1.429,0.351
10,71732375,G,A,1,0.975,2.924,1.39
11,66531742,G,A,1,0.844,2.99,4.874
17,2674288,G,A,1,0.864,4.494,11.295
15,74342977,C,T,1,0.632,0.811,0.562
15,42410620,C,G,1,0.944,-4.516,-3.898
11,44130138,G,A,1,0.942,4.319,9.225
1,68448625,T,C,1,0.281,3.344,3.45
9,95125086,C,T,1,0.44,2.811,4.305
12,88140956,C,T,1,0.967,2.851,5.522
10,104037646,G,A,1,0.411,2.101,4.541
16,2115378,C,A,1,0.546,0.176,0.564
11,22257703,A,G,1,0.11,-2.507,-1.211
X,64919042,C,T,1,0.604,1.107,5.657
17,7196850,G,A,1,0.989,1.0,-0.2
6,44306494,C,T,1,0.877,2.81,5.911
5,150389996,C,T,1,0.903,2.904,1.278
17,7223875,G,A,1,0.951,4.494,7.754
17,43067609,T,A,1,0.559,1.918,2.716
8,60838255,G,A,1,0.904,4.494,11.295
16,28894607,G,A,1,0.899,4.493,7.063
4,39216209,T,C,1,0.953,-0.984,-1.393
11,17544272,C,T,1,0.77,2.768,2.102
11,56137533,G,A,1,0.545,0.378,0.204
9,34649519,C,G,1,0.998,2.831,1.55
5,37187733,C,T,1,0.936,2.859,4.643
8,10612319,C,A,1,0.002,-0.309,-0.018
16,16159482,C,T,1,0.604,2.889,5.488
2,188998718,G,A,1,0.847,4.494,5.512
12,47983716,G,A,1,0.986,1.454,0.052
X,153870123,G,A,1,0.737,1.409,0.298
13,48377034,G,A,1,0.968,4.494,8.014
X,70029538,G,A,1,0.878,3.725,7.256
12,47986396,G,A,1,0.986,0.471,0.672
17,80111015,C,G,1,0.026,-0.306,-1.651
3,10142069,C,A,1,0.987,2.419,0.472
7,87439667,C,T,1,0.836,2.869,4.667
1,201365191,G,A,1,0.938,-0.642,-0.388
14,77279824,T,C,1,0.443,3.352,7.367
17,31338748,A,G,1,0.993,3.339,2.583
9,77356867,G,A,1,0.583,2.953,8.461
X,149496346,C,T,1,0.632,2.53,7.166
2,98396781,G,A,1,0.889,1.036,2.552
7,66633424,C,T,1,0.955,-0.124,0.44
22,19482818,C,T,1,0.039,-1.76,-0.196
1,75733628,G,A,1,0.938,2.057,1.417
3,48584910,C,T,1,0.063,-0.003,-0.156
12,101761671,T,C,1,0.982,-0.02,0.858
11,119092523,G,A,1,0.988,2.954,9.054
5,150393383,A,C,1,0.997,3.366,4.535
5,75590368,G,A,1,0.866,1.997,1.656
X,150619139,G,C,1,0.141,2.256,8.552
1,109236548,G,A,1,0.934,4.492,6.248
1,94098794,C,A,1,0.095,2.822,5.416
5,112835076,G,T,1,0.998,0.79,0.865
15,48437347,G,A,1,0.994,-0.369,-0.666
X,154966530,T,C,1,0.979,0.063,-0.097
22,38143105,C,T,1,0.372,2.907,6.529
15,42401810,G,A,1,0.168,4.396,11.205
7,107690180,G,A,1,0.99,2.101,2.465
7,117603781,A,C,1,0.793,3.37,4.371
X,154366562,C,T,1,0.827,2.51,5.594
X,19353146,C,T,1,0.9,-2.55,-1.341
3,23887699,G,A,1,0.988,3.011,8.099
11,119100766,C,G,1,0.988,-1.088,-0.2
5,112827247,G,A,1,0.961,4.494,11.23
11,77162144,C,T,1,0.832,-2.365,-0.533
10,71707048,A,C,1,0.625,1.233,1.962
X,48791328,A,G,1,0.373,2.701,0.356
1,17027749,C,T,1,0.997,2.902,7.025
17,44385824,C,G,1,0.811,2.819,3.469
15,27990612,G,A,1,0.263,0.094,0.621
4,73409469,T,A,1,0.192,-0.564,-0.592
9,95477547,C,T,1,0.994,2.907,7.044
17,75736386,G,A,1,0.696,2.943,1.682
2,32127022,G,A,1,0.94,2.81,6.235
16,2063053,G,A,1,0.188,4.317,10.348
14,95091231,C,T,1,0.985,1.481,0.98
1,21575896,A,G,1,0.904,-0.161,-0.429
3,132671881,G,A,1,0.873,2.149,3.019
11,72106179,C,T,1,0.989,1.65,0.972
X,154957140,C,A,1,0.949,0.629,-0.036
X,32380549,T,A,1,0.868,-0.38,-0.058
9,134815629,G,T,1,0.685,1.14,1.324
X,41559779,C,T,1,0.948,2.556,5.562
8,60781011,G,A,1,0.727,4.494,2.7
12,32796114,G,A,1,0.474,-1.608,-1.16
12,102877462,A,G,1,0.482,-5.055,-3.957
11,32435343,C,A,1,0.384,-0.97,-0.451
12,82965744,G,A,1,0.753,3.004,8.432
12,49028828,C,T,1,0.872,2.907,6.644
8,37753529,G,A,1,0.42,4.494,10.951
5,37017162,G,A,1,0.862,4.426,8.732
12,102843648,T,A,1,0.698,0.004,0.663
7,129209347,C,T,1,0.998,-1.396,-1.511
17,44351795,G,A,1,0.258,4.426,5.108
12,6062957,C,T,1,0.725,0.506,0.242
15,48534159,A,G,1,0.997,3.37,3.969
X,154904811,C,T,1,0.748,1.25,2.533
1,26892473,G,A,1,0.942,1.481,2.408
12,5976111,C,T,1,0.53,0.836,2.357
4,186588985,C,T,1,0.366,0.912,1.882
1,200815644,G,A,1,0.965,4.494,9.362
X,41343801,C,T,1,0.995,-2.593,-1.139
11,121165331,G,A,1,0.906,4.468,7.391
15,40001224,G,A,1,0.892,4.319,9.244
3,33068970,C,A,1,0.969,0.379,-0.031
12,89523356,G,A,1,0.996,4.4,4.68
16,30966386,G,A,1,0.977,4.494,8.079
3,37017597,C,T,1,0.905,0.874,0.62
10,80280725,G,A,1,0.641,-0.137,-1.631
13,51944109,C,T,1,0.662,2.859,7.472
9,127819622,C,A,1,0.49,2.822,2.851
12,2581590,G,A,1,0.83,2.078,1.951
9,133354670,A,C,1,0.201,-0.892,-0.358
3,45834238,C,T,1,0.742,2.907,4.805
X,41534960,T,C,1,0.993,2.68,7.612
15,48537633,A,G,1,0.998,0.156,1.74
17,17217069,C,G,1,0.492,2.779,6.708
X,139537074,A,G,1,0.991,0.816,0.259
17,41769418,C,T,1,0.712,2.897,5.736
15,82679729,C,T,1,0.949,2.907,4.663
19,15186930,G,A,1,0.986,0.21,-1.02
11,108227696,G,A,1,0.985,4.276,9.768
12,121951498,C,T,1,0.215,2.804,1.451
11,117192014,G,C,1,0.991,4.438,11.243
16,88719580,T,G,1,0.626,-4.349,-5.634
1,94031778,C,T,1,0.14,2.822,7.244
11,64751597,C,T,1,0.96,2.871,1.045
7,143341996,G,A,1,0.991,0.058,-1.185
1,11794385,C,T,1,0.641,-5.767,-4.341
2,27312494,C,T,1,0.751,2.907,3.802
1,200565069,C,T,1,0.993,2.896,5.482
7,45064001,G,A,1,0.926,4.484,6.311
16,1520737,G,C,1,0.736,-0.835,-2.907
2,227103144,C,T,1,0.235,2.883,2.657
1,94005441,C,T,1,0.224,1.484,2.157
7,141724275,G,A,1,0.927,4.494,10.246
13,48373483,C,T,1,0.983,0.945,0.223
9,34658683,G,A,1,0.899,2.99,5.592
12,102843651,T,C,1,0.776,3.352,3.387
15,72353068,C,A,1,0.882,2.814,5.757
21,43776204,C,T,1,0.351,1.893,1.478
22,19494594,G,A,1,0.002,-0.393,-0.323
2,71520904,T,G,1,0.137,-2.502,-1.91
19,11116998,G,A,1,0.335,4.314,8.627
X,37793810,G,A,1,0.235,3.727,2.754
11,59787045,A,G,1,0.998,-0.287,-0.467
2,222642891,G,A,1,0.996,2.062,4.713
11,77181589,G,A,1,0.99,4.482,7.222
X,154354825,C,T,1,0.811,0.659,3.761
1,102920311,C,T,1,0.886,1.358,4.95
7,117590404,C,T,1,0.993,-1.371,-0.02
5,73909897,G,A,1,0.021,4.062,8.544
16,2053452,G,A,1,0.194,2.945,9.068
2,227251356,A,T,1,0.711,0.113,0.094
7,2540979,C,T,1,0.642,2.586,0.164
19,11102770,A,G,1,0.001,-6.166,-6.492
11,108365138,T,C,1,0.99,1.251,2.31
7,105063428,A,G,1,0.95,3.37,5.802
1,215671002,T,C,1,0.859,-0.761,-0.529
20,3082801,C,T,1,0.154,2.541,0.096
2,70961022,G,A,1,0.657,4.227,3.556
2,47480871,G,A,1,0.993,4.494,9.755
12,49022049,T,A,1,0.988,3.248,1.709
1,169552572,G,C,1,0.99,3.001,3.898
17,7203193,C,T,1,0.966,2.903,0.457
3,37008903,C,T,1,0.997,1.503,2.991
8,38421849,C,T,1,0.998,2.907,0.977
11,67522699,G,T,1,0.103,-1.218,-1.068
17,80113027,G,A,1,0.062,4.317,3.109
11,77207402,G,A,1,0.695,2.917,7.586
2,151682662,C,T,1,0.96,2.859,2.361
16,23623130,C,T,1,0.563,1.536,1.574
X,41343822,G,A,1,0.885,3.665,5.757
18,23921054,G,A,1,0.042,2.999,2.465
X,22077630,A,G,1,0.976,0.427,0.642
3,38603712,C,T,1,0.938,2.907,1.608
5,88804598,C,T,1,0.968,2.907,7.518
19,35730122,C,T,1,0.973,2.907,0.568
6,49457691,C,T,1,0.509,2.899,7.143
21,13618402,G,A,1,0.055,-0.147,-0.01
X,154097618,G,A,1,0.942,2.781,2.554
22,31857553,G,A,1,0.967,4.344,6.861
3,48575867,C,T,1,0.349,0.857,1.46
11,2778037,G,A,1,0.908,4.094,6.729
3,48572133,G,A,1,0.219,-1.859,-2.643
18,62143306,C,T,1,0.945,2.88,5.671
16,2060813,G,A,1,0.853,1.383,6.828
1,156138703,G,T,1,0.994,2.945,1.239
9,105618092,G,A,1,0.871,4.494,10.022
1,155295437,C,T,1,0.058,1.546,0.727
19,32843897,G,A,1,0.845,-0.334,-0.191
7,94416503,G,A,1,0.914,4.494,8.012
2,47803664,C,T,1,0.993,0.465,1.485
12,88093770,C,T,1,0.991,2.903,5.424
11,61951908,C,T,1,0.952,-2.349,-4.809
19,12806742,G,A,1,0.11,2.896,1.258
17,44380880,T,C,1,0.858,3.341,1.362
17,80110055,G,A,1,0.019,4.226,7.277
2,151494161,C,T,1,0.997,2.903,1.969
9,127829690,G,C,1,0.679,0.626,0.897
1,45507550,G,A,1,0.928,2.885,7.317
11,112037460,G,A,1,0.438,1.499,2.355
2,15178988,C,G,1,0.328,2.859,4.926
1,158612817,C,T,1,0.909,2.88,2.746
X,38403740,G,A,1,0.978,3.665,8.547
X,154354888,G,A,1,0.55,3.617,0.322
17,4938183,G,A,1,0.996,0.101,0.251
1,197427923,A,C,1,0.11,0.221,0.102
2,224503793,C,T,1,0.991,2.907,4.398
19,54124590,G,A,1,0.044,-1.03,0.02
X,40597269,C,T,1,0.941,1.31,1.726
6,45491993,C,T,1,0.998,2.907,2.309
1,102979385,T,C,1,0.981,-0.501,0.102
11,64807891,C,A,1,0.502,2.816,2.917
9,69248224,G,A,1,0.99,4.494,10.748
14,87992970,C,G,1,0.866,1.144,2.867
6,129270671,T,A,1,0.977,1.104,2.776
3,52407958,C,T,1,0.963,2.907,4.479
7,96170045,G,A,1,0.925,0.406,1.969
X,22077702,G,A,1,0.762,3.676,9.861
17,80105132,G,A,1,0.568,2.01,0.616
1,22129734,G,A,1,0.813,4.494,2.925
X,101358652,G,A,1,0.97,0.811,1.237
X,154902058,G,A,1,0.763,1.477,1.16
7,44147652,C,T,1,0.901,0.141,1.536
1,215790059,C,T,1,0.997,2.907,5.337
8,61553031,C,T,1,0.896,2.897,1.375
4,88058103,G,A,1,0.996,4.214,11.04
X,78118168,C,T,1,0.995,1.243,3.113
2,46950526,G,A,1,0.289,-0.078,-0.089
11,121109339,C,T,1,0.998,-0.403,-0.353
11,67487155,G,T,1,0.995,0.463,-1.009
2,196890828,C,G,1,0.99,2.903,4.484
9,336718,G,A,1,0.861,2.883,5.814
10,75022006,G,A,1,0.997,0.887,0.807
10,100989687,C,T,1,0.998,1.592,0.21
7,117606753,G,A,1,0.912,4.494,10.428
X,71297938,G,A,1,0.987,3.729,3.905
14,21321402,G,A,1,0.987,4.417,9.191
12,51913719,A,T,1,0.879,0.197,-0.542
7,150950921,C,T,1,0.912,1.578,0.46
X,32454662,C,T,1,0.877,2.545,5.823
3,10149804,C,A,1,0.929,1.486,1.013
X,153870839,G,A,1,0.909,-0.941,-1.099
22,38132831,C,T,1,0.941,2.907,7.014
19,38467722,C,T,1,0.966,-1.061,-0.838
10,102830966,C,T,1,0.33,-5.804,-3.529
17,18166521,G,A,1,0.937,4.417,11.225
7,44149773,G,C,1,0.792,-0.292,-0.335
6,52071016,G,A,1,0.088,2.852,2.534
15,92929038,C,T,1,0.998,1.617,0.71
X,22219036,A,C,1,0.988,0.836,1.856
14,24255989,C,T,1,0.964,0.945,1.88
X,37783600,G,T,1,0.993,3.729,8.299
7,141611287,G,A,1,0.957,4.494,7.289
X,40600881,G,A,1,0.514,0.27,0.362
19,12891521,G,A,1,0.254,-0.115,-0.019
10,86912384,G,A,1,0.81,4.494,11.295
12,109574897,C,T,1,0.973,1.529,1.793
16,2076170,G,A,1,0.271,4.392,10.951
10,71785100,G,A,1,0.756,3.005,1.062
6,157203996,G,A,1,0.972,4.494,9.388
6,32040532,C,T,1,0.543,1.544,0.523
15,48437004,G,A,1,0.977,3.007,1.51
16,3739724,C,A,1,0.901,0.181,2.033
10,79306286,C,T,1,0.028,-0.487,-0.941
4,87612188,G,A,1,0.585,4.494,3.265
11,108330364,A,G,1,0.814,-1.011,-1.576
19,1399793,C,T,1,0.078,1.514,4.341
X,38409025,G,A,1,0.989,3.661,10.337
12,5983175,G,A,1,0.987,0.464,0.317
11,108281168,G,A,1,0.734,4.407,10.106
1,215634564,T,C,1,0.991,-0.261,0.036
1,216196721,T,G,1,0.892,-1.52,-0.764
2,166045043,C,T,1,0.982,2.904,7.21
10,121517320,T,C,1,0.997,3.288,8.81
21,46116677,G,A,1,0.797,4.255,8.597
1,94037181,G,C,1,0.972,1.36,0.995
16,23629231,G,A,1,0.299,0.848,0.2
11,77190870,G,A,1,0.869,2.986,7.553
16,56511159,C,G,1,0.809,2.899,0.97
6,32040582,C,T,1,0.417,2.862,3.127
X,19354550,C,T,1,0.982,-0.112,-0.007
1,94120980,C,T,1,0.844,2.796,6.719
20,58891834,C,A,1,0.975,-0.069,-1.954
1,156134975,G,A,1,0.776,4.396,11.205
7,105062278,G,T,1,0.989,4.494,2.503
18,57571536,G,A,1,0.97,2.872,3.072
16,68810340,A,G,1,0.952,2.035,2.554
17,46010375,T,C,1,0.996,3.352,6.488
1,150511627,G,A,1,0.772,1.384,0.269
2,218813096,G,C,1,0.8,3.004,1.86
3,37048609,G,A,1,0.73,2.457,8.54
22,20989682,G,A,1,0.959,4.432,8.983
1,228175028,A,G,1,0.738,1.086,3.729
X,32390116,C,A,1,0.952,-0.138,-0.086
1,11793907,C,T,1,0.969,2.798,7.047
14,50278520,C,T,1,0.973,2.907,3.634
16,74718988,C,T,1,0.78,2.907,5.597
2,32114825,G,A,1,0.327,4.16,6.053
X,53235810,G,A,1,0.997,3.658,2.48
X,13753440,A,G,1,0.847,1.461,2.914
15,100973967,G,A,1,0.086,4.494,7.392
9,132925587,C,T,1,0.984,2.907,7.274
2,168944887,G,A,1,0.971,1.015,0.233
17,31335031,G,A,1,0.981,4.277,7.346
X,147928393,G,A,1,0.973,3.66,8.671
12,88087780,C,T,1,0.778,2.907,2.256
7,65967767,G,A,1,0.803,4.359,1.077
5,60890889,C,T,1,0.895,2.859,5.286
9,127819622,C,T,1,0.49,2.822,2.851
7,5995534,C,T,1,0.947,2.903,3.609
10,77984205,C,T,1,0.988,2.907,5.511
16,68737463,G,A,1,0.617,2.817,3.503
22,50625589,G,A,1,0.933,4.392,4.064
15,48510057,C,A,1,0.915,0.139,-0.786
3,48578354,G,A,1,0.978,0.267,-0.242
X,48684423,G,A,1,0.609,3.655,7.213
13,32379913,G,A,1,0.963,2.128,5.016
11,78478446,G,A,1,0.993,2.093,0.838
9,101429755,C,T,1,0.931,1.574,3.065
17,47291088,G,A,1,0.985,4.494,3.186
8,93804878,G,A,1,0.752,4.494,3.271
X,152865941,C,T,1,0.589,1.279,1.031
7,30977322,G,A,1,0.951,4.494,10.507
X,154902100,G,A,1,0.971,-1.158,-1.4
9,77365573,G,A,1,0.844,4.488,10.594
2,214978804,C,T,1,0.345,1.615,5.803
17,44374354,C,T,1,0.97,2.861,4.647
1,15440391,G,A,1,0.95,4.492,11.294
7,117627647,G,T,1,0.797,0.589,-0.103
9,35807146,G,A,1,0.99,4.494,9.371
9,36223377,T,C,1,0.991,0.704,0.958
3,48580031,C,T,1,0.511,2.9,0.264
2,71503235,C,G,1,0.964,0.949,0.999
17,3656795,G,A,1,0.714,4.369,7.294
7,16216066,C,T,1,0.875,2.907,3.762
20,44407402,G,A,1,0.998,2.067,1.855
11,2583545,G,A,1,0.931,3.644,2.451
2,219032470,C,T,1,0.179,2.903,5.559
1,45333097,C,T,1,0.489,2.795,7.107
1,17027749,C,G,1,0.997,2.902,7.025
1,248387947,C,T,1,0.073,0.344,-1.411
20,44418499,C,T,1,0.948,-1.479,-0.387
19,49865127,C,T,1,0.741,2.821,4.782
11,108243969,C,T,1,0.972,0.949,0.605
19,38490249,C,T,1,0.376,-0.32,-1.816
X,31479023,C,T,1,0.989,0.705,0.855
X,103786709,C,T,1,0.997,2.556,4.92
1,45015006,G,A,1,0.764,4.319,8.651
11,17531431,C,T,1,0.997,2.907,3.187
3,52362390,G,A,1,0.929,0.617,1.243
17,31235650,C,A,1,0.994,2.896,3.291
1,58689038,C,T,1,0.997,2.907,6.107
15,72346552,G,A,1,0.718,1.39,4.399
21,41237729,G,A,1,0.932,4.037,10.019
17,43115728,G,A,1,0.979,4.3,4.909
15,27955158,C,T,1,0.074,2.651,3.058
X,154904811,C,G,1,0.748,1.25,2.533
19,1223105,G,A,1,0.011,0.006,1.384
3,48586227,C,T,1,0.191,1.591,2.503
X,64921817,C,A,1,0.536,2.304,7.365
17,50199556,C,T,1,0.54,2.804,4.563
18,23541387,C,T,1,0.741,-0.014,0.666
1,215867143,G,A,1,0.863,-1.238,-0.429
19,12806748,C,T,1,0.131,2.834,2.103
18,70109687,T,C,1,0.962,0.432,0.759
2,168996722,C,A,1,0.551,0.857,1.343
22,38132958,C,A,1,0.339,2.907,4.459
2,189010890,G,A,1,0.869,0.397,2.141
16,89694788,G,A,1,0.748,0.428,0.891
19,18075806,G,A,1,0.015,2.758,2.175
17,31338139,G,A,1,0.788,4.364,6.606
4,99611453,G,A,1,0.568,4.239,9.893
13,32376791,G,A,1,0.598,4.232,6.982
4,127938784,T,C,1,0.786,2.91,2.833
16,5083757,G,A,1,0.961,4.494,9.931
16,75556177,G,T,1,0.695,-0.96,-0.227
19,42287667,C,T,1,0.992,0.029,-0.081
X,18609569,A,G,1,0.841,2.746,7.41
X,63674038,C,T,1,0.735,2.379,7.119
13,113110850,G,C,1,0.402,0.038,0.03
10,104037688,G,A,1,0.577,-2.647,-2.81
19,11105434,C,T,1,0.259,0.415,-0.16
2,189001450,G,A,1,0.887,4.494,10.997
15,74339300,G,A,1,0.974,-1.076,-2.165
11,103191618,A,T,1,0.996,2.008,3.437
1,235800871,C,T,1,0.96,2.819,5.116
5,112835164,A,C,1,0.982,3.37,8.33
X,149487013,A,T,1,0.334,-2.105,-0.993
1,40818620,C,T,1,0.997,0.9,1.005
2,151492117,T,C,1,0.926,-0.012,0.896
16,56519746,C,T,1,0.893,2.771,6.868
1,156135918,G,A,1,0.964,-2.918,-2.007
15,48465833,T,C,1,0.97,0.75,1.276
5,1219007,C,T,1,0.852,0.336,-0.165
2,127426227,G,A,1,0.62,4.347,8.998
X,63678393,G,A,1,0.993,3.376,8.325
17,80105132,G,T,1,0.568,2.01,0.616
17,18155225,G,A,1,0.547,2.872,3.499
8,31067089,A,G,1,0.959,0.798,0.916
13,113115697,C,T,1,0.589,-4.092,-3.941
20,761824,C,T,1,0.73,2.907,4.472
18,46485081,G,A,1,0.99,0.962,-0.065
9,120974779,C,T,1,0.811,2.88,2.688
17,4900855,G,A,1,0.972,2.991,2.53
3,37042331,G,T,1,0.976,2.996,0.763
20,63414102,G,A,1,0.99,4.24,5.836
15,89325518,C,T,1,0.96,1.584,1.57
1,18876315,C,T,1,0.815,1.61,5.248
1,156136110,C,A,1,0.993,0.92,0.377
11,68047712,C,A,1,0.688,-2.135,-2.79
1,173828363,C,T,1,0.992,2.864,3.587
1,150558649,G,A,1,0.715,4.49,3.81
15,27951875,C,G,1,0.002,0.744,1.443
1,203498796,C,T,1,0.901,1.379,2.434
8,142876241,C,T,1,0.651,1.996,0.924
2,178559312,T,A,1,0.969,3.296,8.718
11,108143993,C,T,1,0.788,0.131,2.107
3,193638065,G,A,1,0.386,4.468,11.272
1,215900181,T,C,1,0.804,1.988,1.988
5,13777289,G,A,1,0.46,1.35,0.533
19,38916037,C,T,1,0.667,0.118,-0.288
14,92096773,A,G,1,0.902,-0.031,0.283
2,178759120,G,A,1,0.998,4.494,5.752
1,45332574,C,T,1,0.397,2.896,5.494
X,11298120,T,C,1,0.935,2.543,1.578
3,49419401,G,A,1,0.96,1.44,1.712
12,5971683,G,A,1,0.425,-0.35,-0.505
11,112230682,G,A,1,0.994,4.321,7.264
3,193643049,G,A,1,0.936,4.447,8.934
7,96321942,C,T,1,0.106,1.325,1.051
12,132680178,C,T,1,0.403,2.828,4.57
5,112837646,G,A,1,0.992,3.001,4.147
16,2085322,G,A,1,0.458,4.392,10.91
19,38543435,G,A,1,0.715,4.384,11.195
X,32310082,C,T,1,0.358,2.51,3.857
7,44153302,T,G,1,0.91,0.678,0.559
6,105133412,A,G,1,0.974,2.017,2.446
1,115033524,G,A,1,0.986,4.494,8.305
7,117603553,G,T,1,0.104,0.041,0.275
6,166931044,C,T,1,0.299,2.282,3.947
8,142876241,C,A,1,0.651,1.996,0.924
X,13735346,G,A,1,0.532,3.515,5.274
11,2583545,G,C,1,0.931,3.644,2.451
X,103789398,G,A,1,0.951,3.729,10.503
2,25274941,C,T,1,0.926,2.904,6.859
3,30688511,G,A,1,0.959,4.426,4.993
20,33757324,T,G,1,0.99,-0.097,-0.126
1,94098794,C,G,1,0.095,2.822,5.416
19,36083212,G,A,1,0.992,4.494,6.46
3,15453846,G,A,1,0.857,-0.818,-0.044
X,120532422,C,T,1,0.973,0.69,1.364
2,166036048,C,T,1,0.975,2.904,5.661
2,218661293,A,T,1,0.985,0.192,-0.049
17,44349750,A,C,1,0.241,3.366,4.019
12,49041917,C,T,1,0.97,2.907,5.746
3,48570134,C,T,1,0.683,2.879,0.637
14,64804939,C,G,1,0.634,2.779,3.649
9,127843094,C,T,1,0.845,-0.832,-0.433
1,209617410,C,T,1,0.029,2.623,4.613
5,90644869,G,A,1,0.952,2.802,8.768
4,186280383,G,T,1,0.25,0.957,0.707
12,88089032,C,T,1,0.972,1.563,3.326
2,55645353,A,C,1,0.994,1.849,2.47
12,32878925,G,A,1,0.638,0.393,0.083
3,37047683,G,A,1,0.982,3.002,7.769
11,64807891,C,G,1,0.502,2.816,2.917
19,41410816,C,T,1,0.578,-4.929,-0.444
9,127678532,G,A,1,0.661,4.488,10.783
X,71108277,C,T,1,0.73,2.445,3.096
16,172981,C,T,1,0.031,-2.429,-3.292
3,120682097,C,T,1,0.366,1.613,1.883
17,31159093,G,T,1,0.646,1.038,4.633
X,154928573,G,A,1,0.212,2.004,0.799
18,62140462,C,T,1,0.976,0.175,1.239
16,8804843,G,A,1,0.856,4.494,5.052
14,58448363,C,T,1,0.962,0.146,0.311
3,128483896,C,T,1,0.977,0.189,0.236
3,70977721,T,A,1,0.994,3.352,8.871
5,75590425,G,A,1,0.39,1.117,1.75
3,10146635,A,C,1,0.981,1.946,2.969
X,48688096,C,T,1,0.954,-0.949,-0.468
2,69071786,A,G,1,0.962,3.28,2.164
3,160285804,C,T,1,0.99,2.907,6.576
7,151181233,G,A,1,0.111,-2.244,-1.517
11,5226932,G,A,1,0.916,2.787,4.378
11,31802704,C,T,1,0.997,2.869,7.082
7,117531114,G,A,1,0.964,4.494,10.726
1,19239824,G,A,1,0.973,2.128,6.74
11,17393697,C,T,1,0.88,0.852,0.339
2,1917244,G,A,1,0.994,0.32,2.949
19,1226608,C,T,1,0.848,1.469,3.484
3,193648134,G,T,1,0.991,4.494,9.053
9,74792624,C,T,1,0.908,2.899,1.493
16,71568711,C,A,1,0.776,0.49,0.483
2,227108581,C,T,1,0.71,1.602,1.649
8,63072987,T,C,1,0.994,-0.202,0.323
3,128481939,G,A,1,0.986,-1.649,-2.734
7,107710169,T,G,1,0.356,-0.734,-0.098
21,43774658,C,T,1,0.098,2.313,3.869
17,43047686,C,T,1,0.862,-0.028,-0.043
16,68828205,G,C,1,0.956,2.988,2.849
3,184248776,G,A,1,0.998,2.836,1.201
11,18311914,C,T,1,0.994,2.859,5.197
3,37020463,G,A,1,0.928,4.494,10.489
7,107663356,C,G,1,0.971,-0.182,-0.437
X,77454260,G,C,1,0.968,0.914,4.882
19,11113679,G,A,1,0.087,-4.214,-2.586
2,189062865,C,T,1,0.358,2.907,1.367
X,139548490,A,C,1,0.515,1.457,1.886
1,45331809,C,T,1,0.024,-0.43,-2.503
22,50526002,A,T,1,0.263,-0.11,-0.38
X,153905782,A,G,1,0.967,1.419,1.3
15,43403697,G,T,1,0.997,2.127,2.698
2,227289247,A,G,1,0.215,3.238,4.956
X,154956957,C,T,1,0.822,2.471,5.004
X,154534349,G,A,1,0.902,0.103,0.914
3,37014471,C,A,1,0.921,0.193,0.104
10,74989081,G,A,1,0.998,4.488,7.022
17,31201159,G,A,1,0.995,4.494,8.885
11,66523882,G,A,1,0.377,1.421,1.291
3,41234297,G,C,1,0.471,4.418,11.226
16,56511159,C,A,1,0.809,2.899,0.97
17,80118805,G,A,1,0.252,4.317,6.154
9,137817511,C,T,1,0.803,0.412,-0.12
7,33351322,A,G,1,0.965,3.273,5.264
2,58160108,C,T,1,0.978,2.907,5.201
5,119527219,G,A,1,0.915,4.488,5.374
7,117509142,G,C,1,0.966,4.494,8.695
17,44349551,G,A,1,0.767,4.489,5.158
1,222648840,A,G,1,0.491,1.039,2.528
2,27449562,C,T,1,0.966,1.515,2.269
10,89225167,C,T,1,0.902,2.814,1.285
11,108332037,G,A,1,0.993,4.39,7.584
2,169503178,G,C,1,0.985,4.473,4.752
17,50169254,G,T,1,0.917,4.432,10.575
11,17498165,G,A,1,0.441,0.064,0.118
X,40597293,C,T,1,0.935,0.564,0.175
1,216325305,C,T,1,0.811,2.802,7.237
8,42839186,C,T,1,0.496,2.907,4.848
10,116597853,C,T,1,0.276,-2.408,-1.562
13,77140846,C,T,1,0.615,2.907,7.183
17,46014272,G,A,1,0.997,3.009,4.393
2,32128476,A,G,1,0.983,3.212,7.685
X,46837202,G,A,1,0.916,2.111,2.979
22,39381875,C,T,1,0.628,-1.438,-2.116
X,32448474,C,A,1,0.921,-1.976,-0.796
5,13829510,C,T,1,0.864,2.907,7.518
11,31801744,G,A,1,0.998,4.439,4.43
3,48572671,C,T,1,0.898,2.879,6.379
15,42360114,G,A,1,0.915,3.015,2.708
15,48495127,T,C,1,0.981,3.352,4.039
13,32316523,A,G,1,0.9,3.254,1.383
15,72349093,A,T,1,0.997,-0.728,-0.994
X,153736254,G,A,1,0.437,2.312,8.357
19,49167922,C,T,1,0.928,-0.236,0.063
17,17217069,C,T,1,0.492,2.779,6.708
11,64746758,G,A,1,0.965,1.359,0.254
14,50914701,C,T,1,0.836,1.614,5.804
X,65529212,C,G,1,0.538,2.471,3.714
11,47339693,C,T,1,0.946,0.476,0.961
11,121128344,G,A,1,0.937,4.467,7.634
X,48686908,G,T,1,0.986,0.24,0.251
17,75727505,G,A,1,0.344,4.484,3.971
6,73644407,C,T,1,0.975,-0.008,1.364
5,126568296,C,G,1,0.976,1.534,1.189
X,154362273,C,T,1,0.358,0.639,-0.775
X,154032230,C,A,1,0.994,0.673,0.07
5,37049166,G,T,1,0.998,4.494,2.609
19,11105572,C,T,1,0.39,2.814,2.396
2,165373347,G,A,1,0.971,2.999,9.39
15,38507726,C,T,1,0.903,1.564,1.167
6,65344152,C,G,1,0.003,0.057,-0.054
X,154987238,T,C,1,0.957,2.556,4.574
15,42386264,C,T,1,0.874,-3.607,-1.381
3,48572127,C,T,1,0.504,1.593,0.577
1,94029445,C,T,1,0.094,2.768,5.682
3,69949096,C,T,1,0.864,0.474,0.165
13,32379913,G,T,1,0.963,2.128,5.016
12,102851687,C,T,1,0.968,2.907,3.649
X,47242504,G,A,1,0.751,-1.792,-2.845
7,105062278,G,A,1,0.989,4.494,2.503
X,19354535,A,G,1,0.996,-0.117,-0.12
7,100627907,C,T,1,0.475,2.898,3.973
10,47353357,C,T,1,0.988,0.249,2.219
3,25737407,G,A,1,0.995,1.975,0.725
11,31794032,C,T,1,0.885,2.828,4.184
6,157198907,G,A,1,0.987,4.494,10.653
2,151494161,C,G,1,0.997,2.903,1.969
1,211673504,G,A,1,0.927,0.203,-0.058
7,92235403,C,T,1,0.823,2.907,4.423
13,101089846,C,T,1,0.887,1.614,2.804
9,34649041,C,T,1,0.401,-0.213,-0.363
7,87423906,C,T,1,0.762,-0.037,-0.039
2,32141946,G,A,1,0.995,4.061,4.946
14,50623248,G,A,1,0.941,4.494,7.81
4,88131061,C,T,1,0.972,2.619,7.184
17,75762882,G,T,1,0.973,1.494,0.639
9,77407607,G,A,1,0.972,4.494,9.247
1,209790634,G,A,1,0.994,4.206,2.049
19,54128377,G,A,1,0.107,2.939,8.535
X,153871127,C,A,1,0.794,-0.177,-3.922
X,68829806,C,T,1,0.957,-0.218,-0.003
5,112819262,G,A,1,0.997,4.494,6.808
13,113113887,C,T,1,0.809,-0.322,0.023
19,38572270,G,A,1,0.642,4.452,3.485
5,42711311,C,T,1,0.663,-1.341,-0.385
3,180651401,C,T,1,0.119,1.598,2.787
12,57564212,G,A,1,0.972,4.494,11.295
2,112010066,G,A,1,0.948,4.494,5.603
19,54122591,C,A,1,0.961,-0.045,0.09
11,47352624,T,G,1,0.901,3.344,3.692
11,103287559,G,A,1,0.888,-1.103,0.007
16,68812263,G,A,1,0.247,4.494,3.556
7,143323386,G,A,1,0.843,4.352,11.167
3,128485949,G,A,1,0.988,2.809,4.375
17,43074332,T,C,1,0.899,0.725,0.242
15,100894082,G,A,1,0.978,4.488,8.875
18,55261466,C,T,1,0.998,2.907,0.366
22,29642285,G,A,1,0.969,4.42,11.227
9,97441875,G,A,1,0.952,4.488,1.928
12,102912791,C,T,1,0.591,1.609,2.426
16,89783007,C,T,1,0.505,1.564,2.54
X,70033405,A,G,1,0.996,2.749,4.48
6,33432252,G,A,1,0.979,4.27,4.775
7,113878248,C,T,1,0.03,-1.484,-0.825
3,10146587,A,G,1,0.997,-0.577,-1.55
15,27926127,C,T,1,0.986,2.644,6.943
8,93804878,G,T,1,0.752,4.494,3.271
16,88646197,C,A,1,0.033,2.684,0.034
13,32326282,G,A,1,0.948,4.34,4.353
2,47429940,A,G,1,0.97,3.211,1.472
17,18155225,G,T,1,0.547,2.872,3.499
X,150619112,A,G,1,0.683,0.357,3.868
17,31229324,G,A,1,0.998,2.874,4.829
1,216250931,G,A,1,0.995,1.97,1.997
3,58134772,G,A,1,0.974,4.407,1.328
12,120999389,G,A,1,0.775,4.483,10.478
X,41636578,C,T,1,0.977,2.556,5.264
6,51903693,G,A,1,0.46,0.405,0.673
17,42911000,G,T,1,0.369,2.046,0.85
1,216325499,G,T,1,0.052,1.225,2.056
13,113118759,G,A,1,0.106,-5.932,-4.821
X,154364625,G,A,1,0.772,0.944,-0.427
5,126568296,C,T,1,0.976,1.534,1.189
9,36236890,C,T,1,0.993,1.386,2.625
16,67436355,C,G,1,0.992,1.603,2.45
1,156138613,C,T,1,0.992,2.907,0.166
X,50070030,G,A,1,0.968,3.6,10.857
3,48570639,C,T,1,0.93,2.879,-0.007
11,22255522,G,A,1,0.374,2.959,9.057
16,67166392,C,T,1,0.981,0.906,3.247
3,97791825,A,G,1,0.937,3.37,6.578
9,124483004,A,G,1,0.142,0.157,0.7
X,120446305,C,T,1,0.833,1.255,0.422
3,38557231,C,A,1,0.925,2.907,1.188
5,179615591,T,C,1,0.998,3.342,4.026
2,215018008,C,T,1,0.09,2.907,3.165
2,86252008,C,A,1,0.904,0.431,1.008
17,7224212,C,T,1,0.988,0.949,1.77
11,31801585,G,T,1,0.998,4.439,9.336
12,49054307,C,T,1,0.982,2.859,5.654
1,94021846,C,A,1,0.977,2.817,2.497
1,24337687,C,T,1,0.995,-3.039,-2.374
17,80213823,G,A,1,0.191,2.894,2.403
22,24495496,C,T,1,0.273,1.433,0.72
1,231241456,G,C,1,0.047,2.743,3.343
5,14401064,G,A,1,0.856,4.494,9.265
1,100210694,C,T,1,0.892,2.907,6.968
2,229813870,C,T,1,0.986,2.907,7.49
6,32041003,C,T,1,0.313,1.554,0.367
16,1455134,C,T,1,0.721,2.797,1.394
16,56497743,C,T,1,0.373,2.88,5.704
12,102843647,T,G,1,0.705,3.352,6.969
13,32336992,T,G,1,0.373,-0.074,0.249
X,37782133,C,A,1,0.598,-1.872,-1.143
10,98433983,C,T,1,0.6,2.907,7.031
8,54629384,G,A,1,0.005,0.208,0.042
2,202519034,G,T,1,0.989,0.891,1.234
1,156138757,G,A,1,0.989,4.494,9.307
17,3481798,G,A,1,0.983,4.494,8.696
2,201754610,G,C,1,0.997,-0.664,-1.097
X,101374536,C,T,1,0.942,0.618,1.456
7,44188909,C,T,1,0.79,2.903,3.784
19,5039982,C,T,1,0.903,-2.01,-1.136
2,86254694,C,T,1,0.86,2.83,7.445
21,33582179,G,A,1,0.695,2.121,1.761
17,7222276,G,A,1,0.734,2.138,4.391
17,75517072,G,C,1,0.958,4.207,2.454
X,108677615,A,G,1,0.975,1.475,1.733
5,150379042,G,A,1,0.027,3.001,3.649
14,95091291,C,T,1,0.989,1.486,3.273
17,31338805,G,A,1,0.922,4.452,10.42
6,138912765,C,T,1,0.638,0.903,2.595
9,127658451,G,A,1,0.882,4.488,9.342
16,1507051,G,A,1,0.405,0.047,1.335
3,48576249,C,T,1,0.096,0.186,-0.363
15,71814112,C,G,1,0.94,-0.962,-2.255
15,63634733,C,T,1,0.906,1.615,3.833
13,51958311,C,T,1,0.667,1.563,5.751
X,147932595,G,A,1,0.932,3.66,10.439
1,40314352,C,T,1,0.99,0.954,1.133
16,23641110,C,T,1,0.959,2.907,2.245
16,2288147,G,A,1,0.099,0.07,-0.195
2,32063993,C,T,1,0.944,0.079,-0.002
12,102894892,A,G,1,0.991,-0.128,0.542
20,4699979,A,G,1,0.992,-0.119,-0.469
1,215844294,C,T,1,0.976,2.88,6.585
12,109784374,G,C,1,0.747,4.289,3.818
19,38463527,G,A,1,0.356,2.976,-0.063
2,3478933,G,A,1,0.072,4.348,8.398
4,1003470,G,A,1,0.31,4.004,4.613
16,46918755,C,T,1,0.919,2.896,1.779
18,23943971,G,A,1,0.352,4.396,3.302
2,227253337,G,A,1,0.952,4.494,3.916
5,112835163,C,T,1,0.986,1.617,2.319
7,44150980,A,C,1,0.97,-0.999,-2.162
13,110493281,A,G,1,0.947,3.034,5.316
17,50190378,T,C,1,0.966,0.713,0.199
1,11960765,C,T,1,0.966,2.894,1.748
3,48578453,C,T,1,0.07,0.185,-0.037
1,156136110,C,T,1,0.993,0.92,0.377
17,7673535,C,T,1,0.679,2.907,3.272
21,46277528,T,C,1,0.319,1.2,4.049
8,10608944,C,G,1,0.002,-3.867,-3.348
7,44147661,G,T,1,0.991,-0.531,0.144
3,120644340,G,A,1,0.981,0.302,1.108
19,1220505,G,A,1,0.161,4.321,11.138
3,57198891,G,A,1,0.026,-0.099,0.1
7,117666946,C,T,1,0.977,0.175,0.452
3,48576400,C,T,1,0.873,2.9,1.503
19,7533651,A,T,1,0.553,0.49,0.277
3,48565637,T,C,1,0.798,0.391,0.344
17,82929500,G,A,1,0.077,2.579,3.782
17,75522251,G,A,1,0.028,0.261,1.277
16,56902508,G,A,1,0.67,4.417,8.677
14,102044393,C,T,1,0.891,2.907,7.518
15,44573548,T,C,1,0.29,3.296,5.315
2,166052853,T,C,1,0.951,3.349,8.868
17,31258502,G,A,1,0.991,4.494,10.78
2,168993711,C,G,1,0.996,2.88,5.461
9,134732127,G,A,1,0.05,-1.901,-0.791
2,214947422,C,T,1,0.92,2.83,6.981
11,2583545,G,T,1,0.931,3.644,2.451
1,9262273,G,A,1,0.994,1.445,0.395
8,99135733,G,A,1,0.98,4.494,10.458
8,22163546,G,A,1,0.931,4.488,6.171
17,43090944,C,T,1,0.974,2.88,4.644
10,53822485,A,T,1,0.02,0.116,0.177
2,224503808,T,C,1,0.964,3.352,4.141
11,17453119,C,T,1,0.931,2.86,7.474
7,107661803,C,T,1,0.883,2.717,4.161
5,42718121,G,A,1,0.368,4.494,9.13
7,107712586,A,G,1,0.631,1.883,1.614
2,47408484,A,C,1,0.991,0.608,1.039
17,63917760,C,T,1,0.019,2.738,4.978
2,189079978,C,T,1,0.937,1.615,3.095
X,129567346,A,T,1,0.989,0.758,0.972
16,68812263,G,T,1,0.247,4.494,3.556
10,100950753,G,A,1,0.996,3.001,3.7
2,166041231,C,T,1,0.96,2.904,3.718
5,37020877,G,A,1,0.872,4.494,10.784
9,127673261,G,A,1,0.931,2.996,9.39
3,15642057,G,A,1,0.35,3.002,7.98
6,157174117,G,A,1,0.989,4.488,8.619
3,37042331,G,A,1,0.976,2.996,0.763
11,47333245,G,A,1,0.535,1.482,1.822
2,166052853,T,A,1,0.951,3.349,8.868
11,108256340,G,A,1,0.924,2.98,5.561
3,49419260,C,T,1,0.913,2.852,5.483
X,154354834,G,A,1,0.934,2.22,8.984
17,44257350,C,T,1,0.886,2.907,5.84
19,11102770,A,T,1,0.001,-6.166,-6.492
4,15993987,C,T,1,0.033,0.072,1.597
18,46521097,C,T,1,0.564,2.907,4.592
3,49421492,C,T,1,0.962,1.618,4.095
7,94428363,T,A,1,0.994,0.751,1.536
22,40358999,C,A,1,0.879,-0.06,0.72
1,39850120,T,C,1,0.741,3.352,2.224
11,5226931,T,G,1,0.89,3.166,5.797
16,1518216,C,T,1,0.325,2.782,5.519
3,120646973,C,T,1,0.997,2.907,5.162
8,38424509,C,T,1,0.933,2.907,7.505
2,166039426,T,C,1,0.166,1.962,2.08
X,101357513,T,C,1,0.046,0.214,1.484
5,112801383,G,A,1,0.975,4.494,6.342
15,48485375,G,A,1,0.828,-1.167,-1.337
4,3476523,C,T,1,0.993,0.046,0.047
22,37084727,C,T,1,0.989,2.745,1.811
17,44879556,C,A,1,0.284,0.411,1.674
19,7125283,C,T,1,0.057,2.572,7.2
14,88385836,A,G,1,0.996,3.021,3.246
16,1839255,C,T,1,0.989,0.94,0.994
19,17831245,G,A,1,0.985,1.938,1.996
17,31201132,A,C,1,0.973,1.981,1.114
16,23641140,C,A,1,0.911,0.235,0.696
15,40774356,C,T,1,0.605,1.607,1.443
16,18788063,C,T,1,0.946,2.83,7.445
2,151494161,C,A,1,0.997,2.903,1.969
15,43604361,C,T,1,0.942,1.588,2.473
X,78020398,G,A,1,0.78,3.702,10.951
10,43114541,C,T,1,0.982,-0.202,0.059
9,124500609,G,C,1,0.981,2.11,2.137
16,30089141,C,T,1,0.704,0.48,0.31
7,2540979,C,G,1,0.642,2.586,0.164
4,87981501,C,T,1,0.16,0.463,0.575
1,156137728,G,C,1,0.978,1.485,1.921
7,44149969,C,A,1,0.124,0.931,2.349
1,155239707,T,C,1,0.808,3.159,1.443
1,161168127,G,A,1,0.986,4.494,6.394
1,62834852,G,A,1,0.993,4.488,10.721
17,43071162,G,C,1,0.347,0.335,0.458
13,51974098,G,C,1,0.332,0.039,-0.397
5,69545084,C,T,1,0.989,0.16,0.125
X,22178320,C,T,1,0.935,0.677,1.528
12,101780152,C,T,1,0.927,2.898,5.39
13,51958521,G,A,1,0.885,-1.005,-0.099
19,32862479,G,A,1,0.117,0.047,0.599
13,51960148,C,T,1,0.3,1.531,4.622
5,33963691,C,T,1,0.769,2.907,2.64
4,16016166,C,T,1,0.748,1.516,4.576
15,27532602,C,T,1,0.846,0.301,1.013
2,168971847,C,T,1,0.965,2.9,2.962
3,38557231,C,T,1,0.925,2.907,1.188
12,25245346,G,T,1,0.997,4.473,3.339
11,108294977,A,C,1,0.998,0.695,0.106
X,132097298,C,T,1,0.996,2.536,3.069
X,53409423,G,A,1,0.939,3.691,8.743
22,29661339,G,A,1,0.969,4.488,11.29
17,7222865,G,A,1,0.95,0.293,-0.02
1,161306877,C,A,1,0.826,-0.042,-0.74
7,142943328,G,A,1,0.185,-0.718,-1.154
1,94030511,G,A,1,0.072,2.875,2.029
22,50627166,C,T,1,0.051,2.861,5.568
17,28735371,G,A,1,0.203,-0.06,0.512
2,151551738,C,T,1,0.857,2.907,0.804
2,227077895,T,C,1,0.801,3.153,6.057
11,5226618,G,A,1,0.68,4.166,4.509
16,2092592,C,G,1,0.387,0.808,0.422
2,166051774,T,C,1,0.945,-0.313,-0.133
X,101360150,C,T,1,0.572,0.697,0.65
17,7675994,C,A,1,0.525,2.872,-0.084
17,46010339,T,C,1,0.998,3.352,1.68
1,113911399,C,T,1,0.642,0.176,0.479
5,37165539,C,T,1,0.829,1.564,1.924
3,47017638,C,T,1,0.955,2.9,7.101
5,126595040,G,A,1,0.994,2.925,1.504
5,37059103,G,A,1,0.993,4.494,5.18
10,43114490,C,T,1,0.61,-0.46,0.589
9,136370294,C,T,1,0.026,2.711,2.325
16,68811859,G,A,1,0.995,4.494,10.822
1,156130731,G,A,1,0.913,-2.856,-2.96
17,47292309,C,T,1,0.92,0.936,1.541
10,71362188,T,A,1,0.582,0.958,0.399
2,224503652,C,T,1,0.939,2.907,7.213
X,154899866,C,T,1,0.865,2.499,4.666
5,148088605,G,A,1,0.041,2.721,2.432
11,108320057,A,C,1,0.881,3.362,5.95
16,2118314,C,T,1,0.169,-0.204,0.186
2,1540723,G,A,1,0.016,1.699,1.631
17,40820511,C,T,1,0.949,2.904,4.582
2,222295529,T,C,1,0.98,3.352,6.643
17,44910142,G,T,1,0.65,2.811,1.578
3,132689152,G,A,1,0.955,1.005,0.762
7,35240906,C,G,1,0.992,-2.388,-1.489
15,80172238,C,T,1,0.848,-0.286,-0.003
4,88052158,G,A,1,0.974,2.768,7.577
7,150957291,C,T,1,0.745,1.563,5.75
17,80107722,G,A,1,0.051,2.833,6.152
4,88036353,G,A,1,0.995,4.35,8.833
7,16308523,C,T,1,0.838,2.907,4.456
19,855764,C,G,1,0.004,-0.797,-1.382
11,108365430,A,G,1,0.854,0.181,1.873
18,57694582,C,T,1,0.974,2.773,-0.06
1,11957014,G,A,1,0.933,4.494,9.329
9,127818716,C,T,1,0.891,2.819,2.452
16,2090285,C,T,1,0.99,2.841,3.232
2,227253638,G,T,1,0.819,2.868,4.101
1,155293438,C,G,1,0.894,2.907,2.294
16,3243195,C,A,1,0.721,-0.354,-1.921
5,150390023,G,A,1,0.327,2.993,3.519
9,134815629,G,A,1,0.685,1.14,1.324
11,108301789,G,A,1,0.839,2.933,6.225
X,108606855,A,G,1,0.863,0.365,0.266
12,47855683,G,C,1,0.997,2.996,2.671
16,87902425,C,T,1,0.606,2.766,5.402
12,110323047,A,G,1,0.99,-0.906,0.118
7,5711761,C,T,1,0.974,0.929,3.754
13,48307406,G,A,1,0.991,4.347,3.535
20,57335907,G,A,1,0.913,2.881,3.192
6,98899268,C,T,1,0.949,2.907,5.467
15,98707851,T,C,1,0.998,-0.458,-0.324
11,5226947,A,T,1,0.921,0.296,-0.725
3,10146515,T,C,1,0.945,1.911,0.582
21,46114073,G,A,1,0.908,4.145,7.234
18,59347513,C,T,1,0.572,-0.044,0.567
5,180630225,C,T,1,0.084,1.51,3.666
15,89260843,G,A,1,0.955,4.494,8.004
X,108601988,A,G,1,0.907,2.732,5.596
10,43118386,G,A,1,0.992,-0.585,0.844
12,101729109,A,G,1,0.904,0.339,1.174
X,19355483,C,T,1,0.947,-0.407,0.051
16,1592469,G,A,1,0.185,0.993,1.27
19,54143186,G,A,1,0.894,4.484,6.996
10,27538049,T,C,1,0.997,3.267,8.461
2,178542265,G,A,1,0.91,2.966,1.24
16,1524552,C,T,1,0.642,1.51,3.469
1,75749499,A,G,1,0.997,0.385,0.365
3,193648134,G,C,1,0.991,4.494,9.053
X,108606891,A,G,1,0.34,2.749,7.511
2,190249640,C,T,1,0.991,1.484,2.858
15,31060544,C,T,1,0.93,1.615,0.355
7,143319838,G,A,1,0.614,2.134,1.026
3,98264938,C,T,1,0.002,-5.067,-7.386
17,18166434,C,T,1,0.881,-4.627,-1.566
1,209801240,C,T,1,0.982,2.728,4.24
13,100368574,G,A,1,0.141,-0.789,-0.294
1,198694061,A,T,1,0.01,0.326,0.326
7,81752250,C,T,1,0.998,2.907,5.039
17,7196757,C,T,1,0.737,2.9,2.204
X,149486983,G,A,1,0.021,-0.34,-0.156
1,161306880,C,T,1,0.753,2.798,0.386
4,15555210,G,A,1,0.88,4.435,3.372
2,218661526,C,T,1,0.998,2.907,4.412
X,71398599,A,G,1,0.964,-0.02,2.156
1,19223396,C,T,1,0.929,2.907,5.389
10,17123588,C,T,1,0.948,2.846,3.824
5,64785579,G,A,1,0.995,4.494,7.647
16,70255728,C,T,1,0.687,2.859,7.251
1,94011383,C,T,1,0.853,-2.689,-0.398
17,75522332,A,G,1,0.095,3.188,3.599
19,11110683,C,G,1,0.094,1.604,0.114
8,144514442,C,T,1,0.906,2.86,3.843
X,139551252,A,G,1,0.953,2.724,2.633
X,32463439,C,T,1,0.267,1.316,5.713
20,46123130,A,T,1,0.066,0.065,0.101
7,143316392,G,A,1,0.588,4.494,6.571
2,38074618,A,C,1,0.188,-0.038,-0.069
2,178783720,C,A,1,0.946,0.932,0.163
1,158657477,C,T,1,0.426,1.403,5.166
6,133506195,G,A,1,0.921,4.452,8.61
19,38463527,G,C,1,0.356,2.976,-0.063
2,19914054,C,T,1,0.969,1.596,1.339
1,68438214,T,C,1,0.871,3.244,6.614
5,75596385,G,A,1,0.923,2.939,2.869
9,127819622,C,G,1,0.49,2.822,2.851
X,55014747,C,G,1,0.904,2.5,5.782
6,42057513,G,A,1,0.965,2.916,1.387
1,211978272,C,A,1,0.961,2.623,7.243
3,33016727,T,C,1,0.37,-1.993,-0.421
16,89744961,C,T,1,0.737,0.3215,-0.6789
10,71819031,C,T,1,0.919,1.61,1.201
6,129366361,G,A,1,0.507,4.494,9.575
11,108316023,T,C,1,0.983,-0.822,-0.515
6,52084883,T,C,1,0.127,0.687,1.212
2,112001285,C,A,1,0.995,0.216,-0.24
7,5995612,T,C,1,0.522,-0.596,-1.048
5,74718363,G,A,1,0.787,2.159,6.553
3,193645624,A,G,1,0.992,3.336,8.32
10,92607237,G,A,1,0.987,4.374,7.217
1,102890451,C,T,1,0.944,2.825,7.377
18,57554260,C,T,1,0.95,2.877,5.362
X,67722831,A,T,1,0.016,0.342,-0.195
8,142876241,C,G,1,0.651,1.996,0.924
1,16053771,A,G,1,0.604,3.31,3.623
14,87982205,C,T,1,0.609,2.903,6.924
17,31227291,G,A,1,0.977,4.494,6.366
5,36958218,A,G,1,0.996,3.362,7.839
7,44150956,C,T,1,0.676,2.907,7.456
11,5226971,G,A,1,0.556,0.154,0.418
17,46010402,T,C,1,0.997,1.896,2.126
11,74093818,G,A,1,0.483,3.01,9.022
3,193662962,G,A,1,0.966,4.494,10.602
15,92953573,G,A,1,0.998,4.488,5.849
X,49230485,G,A,1,0.972,3.413,10.472
1,115740767,G,A,1,0.955,0.906,0.255
19,11116966,C,T,1,0.315,2.747,3.699
X,101374536,C,A,1,0.942,0.618,1.456
13,48364971,G,A,1,0.994,4.494,7.969
16,2090674,C,T,1,0.037,1.355,2.066
1,158676167,T,C,1,0.89,3.352,2.378
11,32391982,T,C,1,0.998,3.352,8.836
11,2572986,G,A,1,0.797,3.695,1.861
16,16154873,C,T,1,0.421,2.895,7.507
17,31235733,C,T,1,0.993,0.482,0.41
7,124870911,C,T,1,0.939,2.877,4.536
14,95535383,A,G,1,0.745,1.67,4.156
4,3463423,C,T,1,0.988,1.705,0.217
10,17041033,C,T,1,0.378,2.88,6.19
11,102625217,T,G,1,0.967,1.163,1.294
19,17837148,G,A,1,0.907,1.371,-0.155
18,21508587,C,T,1,0.959,2.907,1.323
7,44153302,T,C,1,0.91,0.678,0.559
16,57915297,A,G,1,0.907,2.106,1.934
1,155293438,C,T,1,0.894,2.907,2.294
17,5000848,G,A,1,0.997,2.068,2.752
X,139551264,G,A,1,0.961,3.695,5.533
4,102723865,T,C,1,0.986,0.606,3.446
X,153693175,G,A,1,0.885,3.586,8.769
16,88713447,G,A,1,0.885,1.315,0.839
3,48572725,C,G,1,0.622,0.436,-0.76
1,94001046,C,T,1,0.955,0.899,0.588
7,94408823,G,A,1,0.898,4.494,8.858
X,32389501,C,T,1,0.797,2.556,7.423
8,132175453,C,T,1,0.952,2.907,5.798
17,80105893,C,T,1,0.106,1.44,0.771
X,150659756,G,A,1,0.44,2.289,7.702
17,7675994,C,G,1,0.525,2.872,-0.084
14,39158402,C,T,1,0.992,2.907,0.855
2,168970045,C,T,1,0.767,2.907,3.585
22,28734485,T,C,1,0.986,-0.278,0.011
3,193648134,G,A,1,0.991,4.494,9.053
10,49745810,A,G,1,0.472,-2.246,-0.942
3,9943499,G,T,1,0.986,0.983,2.105
17,80105096,C,T,1,0.447,-1.422,-2.486
1,92074764,C,T,1,0.197,0.201,0.143
3,70970736,C,T,1,0.961,2.907,7.226
X,32645015,T,A,1,0.933,0.737,-0.098
1,173909553,T,C,1,0.699,-0.041,2.079
7,157005856,C,T,1,0.997,1.28,3.519
10,43114547,G,A,1,0.98,-3.047,-3.357
14,67823627,G,A,1,0.852,4.378,4.904
X,21743750,C,T,1,0.124,2.556,5.575
4,79983878,C,T,1,0.88,2.907,7.213
X,154560485,G,A,1,0.974,2.192,2.114
15,57232427,C,G,1,0.959,1.58,1.947
3,50379092,C,T,1,0.952,2.879,1.246
1,6825210,G,A,1,0.983,4.417,11.092
X,139548455,C,A,1,0.427,1.283,3.066
9,124493030,C,T,1,0.839,2.907,5.797
9,21971194,G,A,1,0.536,4.494,3.164
19,35846051,G,A,1,0.869,4.486,4.38
2,15178988,C,A,1,0.328,2.859,4.926
13,51970547,G,A,1,0.937,2.983,2.427
12,88117033,C,T,1,0.893,0.823,1.278
X,49075866,C,G,1,0.344,2.55,3.261
13,48380241,A,C,1,0.994,3.37,4.256
10,92649986,G,A,1,0.297,2.924,3.622
15,48465791,T,C,1,0.905,3.352,3.803
X,37783600,G,A,1,0.993,3.729,8.299
7,50499148,C,T,1,0.663,2.907,5.143
2,71515751,G,A,1,0.947,4.482,10.845
2,237361739,C,T,1,0.049,2.784,5.381
1,156136095,C,T,1,0.997,0.935,1.174
16,2084371,C,T,1,0.951,2.797,3.445
X,38408795,G,A,1,0.285,3.663,5.404
5,149907345,G,A,1,0.368,-1.203,-0.427
14,94382686,G,A,1,0.023,-1.404,-0.682
20,44624202,C,T,1,0.027,2.903,4.991
2,174753594,G,A,1,0.997,1.409,0.106
9,127824304,C,G,1,0.942,2.846,1.854
1,156138610,G,A,1,0.99,3.001,2.106
2,178578612,T,C,1,0.983,3.296,2.319
12,57782858,G,A,1,0.134,1.844,2.342
1,94077690,C,T,1,0.478,2.88,2.024
X,37801348,G,A,1,0.952,3.599,10.249
12,112453351,C,T,1,0.991,1.573,0.982
3,10146635,A,T,1,0.981,1.946,2.969
1,62528151,C,T,1,0.922,1.617,4.221
3,69964897,G,A,1,0.978,0.505,0.493
X,154969371,T,A,1,0.841,0.722,1.995
17,7224491,T,C,1,0.758,-0.697,-0.594
22,17203563,C,T,1,0.862,0.474,0.974
10,17103125,C,T,1,0.078,2.88,5.677
16,89784854,C,T,1,0.188,2.842,5.885
X,149498107,C,T,1,0.933,2.53,4.336
9,34485240,G,A,1,0.971,0.596,0.244
1,94021846,C,G,1,0.977,2.817,2.497
15,48465575,C,T,1,0.604,1.607,-0.156
8,42430167,G,A,1,0.927,4.494,6.074
1,156864360,C,T,1,0.923,-0.005,-0.199
X,9760717,C,T,1,0.181,-0.649,-0.364
13,100368574,G,C,1,0.141,-0.789,-0.294
11,119085066,G,A,1,0.761,4.488,5.085
16,2319581,C,T,1,0.263,2.843,7.24
1,156135312,G,A,1,0.868,4.474,11.258
4,102579014,G,A,1,0.927,1.192,0.432
11,118484975,G,A,1,0.985,2.939,8.88
1,21864100,C,T,1,0.393,0.184,0.409
11,64807906,G,T,1,0.34,-0.449,-1.119
12,49048659,C,T,1,0.984,2.907,7.453
17,75733643,C,T,1,0.997,0.154,0.603
3,183094560,T,A,1,0.663,3.276,4.086
22,18078604,C,T,1,0.227,1.539,2.538
18,31079989,C,T,1,0.8,0.176,0.139
X,85900646,C,T,1,0.726,2.382,5.05
3,48574262,C,A,1,0.595,1.57,1.403
7,143321848,G,A,1,0.921,4.494,8.861
4,25145092,C,T,1,0.997,2.752,6.834
16,2079161,A,G,1,0.781,1.887,2.269
6,31861188,C,T,1,0.843,2.907,6.827
6,129328412,G,A,1,0.554,3.011,6.004
1,168291244,G,A,1,0.982,0.031,-0.019
7,138739540,C,T,1,0.392,2.907,1.171
5,147829602,T,C,1,0.265,1.926,1.989
X,103786726,G,A,1,0.997,3.729,7.009
1,40314352,C,G,1,0.99,0.954,1.133
2,202464978,A,G,1,0.99,1.989,5.472
14,24081346,G,T,1,0.994,2.022,2.614
12,6022888,G,A,1,0.689,0.091,1.019
4,176727778,C,T,1,0.778,2.907,1.967
X,103786714,A,T,1,0.997,2.749,5.158
5,87380509,G,T,1,0.958,4.494,5.661
19,45352542,G,A,1,0.33,4.494,4.814
2,47414418,G,A,1,0.877,4.259,8.742
4,3476424,C,T,1,0.917,-2.693,-0.762
10,121517371,C,T,1,0.998,2.853,4.446
15,73947223,G,A,1,0.459,4.192,8.651
2,32126956,A,G,1,0.969,3.267,1.403
18,59338826,T,C,1,0.996,-0.098,-0.207
12,14796807,C,T,1,0.964,2.886,5.315
2,165998038,C,T,1,0.991,2.838,7.453
X,19353161,C,T,1,0.758,-2.65,-1.604
19,855767,G,A,1,0.024,2.882,1.663
2,151569268,C,T,1,0.583,2.907,0.581
14,50937736,C,T,1,0.918,2.861,7.475
7,44074487,G,A,1,0.637,-5.622,-4.988
1,158656564,C,T,1,0.233,2.882,3.128
16,2092492,G,T,1,0.866,4.42,6.53
3,52222681,C,G,1,0.003,-4.285,-4.795
X,101358649,T,C,1,0.982,1.421,3.209
15,89317497,G,T,1,0.998,-0.19,-0.269
22,25221483,G,A,1,0.989,4.046,3.944
X,139548430,G,A,1,0.387,0.476,0.047
10,92649986,G,T,1,0.297,2.924,3.622
19,11120521,A,G,1,0.803,3.355,4.529
3,48589627,T,C,1,0.99,1.983,0.729
7,99391253,G,A,1,0.861,2.031,2.243
X,154535985,G,A,1,0.819,-0.47,-0.213
X,139530851,A,G,1,0.944,2.689,4.334
1,94008235,C,T,1,0.984,2.907,5.554
3,38554373,G,A,1,0.885,2.919,0.09
19,32864744,C,T,1,0.966,1.614,2.492
7,117542108,G,A,1,0.919,2.935,8.186
X,63665886,C,T,1,0.984,2.336,7.078
2,32114735,T,G,1,0.925,0.279,0.595
5,148097875,C,T,1,0.68,0.469,0.175
15,42384521,C,A,1,0.997,2.907,2.979
15,40621785,A,G,1,0.021,0.086,0.109
19,36091280,C,T,1,0.99,-0.268,0.01
11,47343533,G,T,1,0.534,4.481,4.481
15,72353068,C,T,1,0.882,2.814,5.757
15,27871863,C,T,1,0.845,2.596,4.447
X,67723745,C,T,1,0.994,2.556,1.655
7,150950921,C,G,1,0.912,1.578,0.46
18,63335257,C,T,1,0.962,1.585,5.775
11,6618780,T,C,1,0.826,-0.72,-1.673
19,12892177,A,G,1,0.98,3.244,7.555
7,107701928,G,A,1,0.989,2.141,3.134
11,67611569,G,A,1,0.875,1.368,2.139
17,61849129,C,T,1,0.989,2.852,4.607
3,48580300,C,T,1,0.418,-2.529,-1.816
X,19353110,A,G,1,0.997,2.749,2.134
1,42927626,G,A,1,0.998,4.494,1.283
16,3658865,C,T,1,0.233,0.48,0.395
2,11767858,G,A,1,0.89,4.268,11.091
11,121589389,C,T,1,0.573,-1.447,-0.192
17,7221612,C,A,1,0.997,-0.469,-0.216
5,41154972,G,T,1,0.879,1.405,1.288
X,71108277,C,G,1,0.73,2.445,3.096
1,23798615,C,T,1,0.821,1.898,4.325
11,68812447,G,A,1,0.55,4.166,7.141
2,168935237,T,C,1,0.608,1.263,0.888
1,183564005,C,T,1,0.972,2.637,1.612
5,177607329,G,A,1,0.975,4.302,5.733
11,48325054,C,T,1,0.016,0.114,-0.613
5,147828114,A,G,1,0.008,-0.316,-0.018
11,103109769,G,T,1,0.872,4.389,8.886
16,2072983,G,A,1,0.753,4.392,10.923
19,11113307,C,A,1,0.147,2.763,4.45
10,100972951,C,T,0,0.193,-0.512,-0.444
10,100989672,C,T,0,0.986,0.936,1.078
10,102830963,C,T,0,0.282,-0.227,0.087
10,104037655,G,A,0,0.248,-1.276,-2.052
10,104037685,C,T,0,0.485,1.614,-0.195
10,116567792,G,A,0,0.004,-6.602,-5.268
10,121517380,C,A,0,0.998,1.571,1.063
10,121517380,C,T,0,0.998,1.571,1.063
10,17041048,G,A,0,0.015,-0.481,-0.098
10,17103176,A,G,0,0.177,0.788,0.399
10,17127865,T,C,0,0.85,-0.061,-0.272
10,27537931,A,G,0,0.997,0.712,2.372
10,43114487,G,A,0,0.428,1.498,0.485
10,43114544,C,T,0,0.977,-1.317,-0.2
10,43114547,G,C,0,0.98,-3.047,-3.357
10,43118386,G,T,0,0.992,-0.585,0.844
10,47353351,G,A,0,0.946,-0.582,0.517
10,49820172,G,A,0,0.966,0.038,1.14
10,53822473,A,G,0,0.071,-0.439,-0.215
10,54346377,A,G,0,0.799,0.054,0.263
10,71362185,G,A,0,0.597,2.994,2.414
10,71707036,C,T,0,0.789,0.937,2.391
10,71732372,C,T,0,0.97,1.556,0.673
10,71785094,T,C,0,0.724,-1.739,-0.305
10,71819037,C,A,0,0.952,1.591,1.087
10,74989051,C,T,0,0.998,2.903,5.778
10,75021995,T,C,0,0.993,0.108,0.777
10,77984223,C,T,0,0.931,-0.014,1.388
10,79306283,G,A,0,0.036,-3.583,-6.796
10,80280695,C,A,0,0.001,-2.432,-0.904
10,86912382,T,C,0,0.85,-0.048,0.063
10,89225167,C,G,0,0.902,2.814,1.285
10,92607222,G,A,0,0.992,-0.354,0.115
10,92649948,C,T,0,0.644,-1.208,-1.063
10,92649974,A,G,0,0.437,0.007,0.263
10,98433989,G,A,0,0.617,-2.76,-1.791
11,102616955,C,T,0,0.682,-2.072,-1.891
11,103109757,C,G,0,0.759,0.867,1.113
11,103191606,T,C,0,0.995,0.616,1.277
11,103287566,T,C,0,0.928,-2.913,-0.625
11,108144002,A,G,0,0.904,-0.196,-0.839
11,108227693,A,T,0,0.994,0.329,1.41
11,108243966,G,A,0,0.985,2.146,3.553
11,108256337,C,T,0,0.969,0.491,1.224
11,108281165,A,G,0,0.834,3.306,6.08
11,108294977,A,T,0,0.998,0.695,0.106
11,108301786,A,G,0,0.903,3.306,1.672
11,108316020,A,G,0,0.968,-0.103,0.081
11,108320056,C,G,0,0.888,0.921,1.908
11,108330364,A,T,0,0.814,-1.011,-1.576
11,108332034,T,C,0,0.994,0.712,1.08
11,108365141,A,G,0,0.975,1.266,5.719
11,108365427,A,G,0,0.829,-0.204,-0.357
11,112037454,A,C,0,0.484,-0.275,-0.068
11,112230676,T,C,0,0.979,-0.676,-0.673
11,117191957,C,T,0,0.707,-4.251,-3.317
11,118484972,A,G,0,0.988,-0.804,-0.666
11,119085063,G,A,0,0.654,-1.22,-1.564
11,119092514,G,A,0,0.997,0.116,1.887
11,119100778,A,G,0,0.997,0.437,0.251
11,121109300,C,T,0,0.841,-0.96,-0.579
11,121128335,G,A,0,0.905,-1.131,-1.042
11,121165304,G,A,0,0.993,-2.355,-1.709
11,121589362,C,T,0,0.706,-3.406,-2.441
11,17393712,A,G,0,0.957,-3.394,-2.855
11,17453136,A,G,0,0.998,2.025,2.299
11,17498165,G,C,0,0.441,0.064,0.118
11,17531434,C,T,0,0.998,0.914,1.633
11,17544278,C,A,0,0.971,0.13,0.557
11,18311938,C,T,0,0.995,0.899,0.788
11,22255505,T,C,0,0.497,-0.958,0.013
11,22257706,C,T,0,0.001,-0.87,-0.294
11,2572983,G,A,0,0.921,-0.967,-1.262
11,2583536,G,C,0,0.92,-1.355,-1.023
11,2583539,C,A,0,0.939,0.574,-0.502
11,2583539,C,G,0,0.939,0.574,-0.502
11,2778028,A,G,0,0.874,0.129,0.875
11,31794041,T,C,0,0.973,-0.282,0.591
11,31801594,G,C,0,0.994,2.053,0.985
11,31801749,G,A,0,0.998,4.439,3.724
11,31802728,C,A,0,0.995,0.873,0.241
11,32391991,C,T,0,0.998,2.907,7.488
11,32435337,G,A,0,0.409,-0.418,0.145
11,44130132,G,A,0,0.983,4.319,5.026
11,47333248,G,T,0,0.531,-1.21,-0.027
11,47339693,C,G,0,0.946,0.476,0.961
11,47343536,C,T,0,0.109,-0.472,-0.069
11,47352636,C,T,0,0.887,-1.991,-2.233
11,48325117,C,T,0,0.014,-0.102,-4.587
11,5226619,C,T,0,0.663,0.352,0.583
11,5226932,G,T,0,0.916,2.787,4.378
11,5226935,C,G,0,0.955,2.783,1.885
11,5226944,A,G,0,0.956,1.169,0.023
11,5226968,C,T,0,0.518,0.434,0.154
11,56094067,C,T,0,0.029,-0.697,-3.245
11,59787057,C,T,0,0.991,0.853,0.735
11,61951905,T,C,0,0.971,-2.482,-0.645
11,64746755,C,T,0,0.937,0.453,1.524
11,64751600,C,G,0,0.963,1.186,0.378
11,64807893,G,T,0,0.52,2.832,2.74
11,64807903,A,G,0,0.438,-0.544,-0.421
11,64807906,G,C,0,0.34,-0.449,-1.119
11,65526192,C,T,0,0.891,-0.036,0.249
11,6618786,A,G,0,0.847,0.78,-0.233
11,66523879,C,G,0,0.334,0.579,-0.178
11,66531739,C,T,0,0.885,0.914,0.69
11,67487155,G,C,0,0.995,0.463,-1.009
11,67522699,G,C,0,0.103,-1.218,-1.068
11,67611554,C,T,0,0.899,-0.434,-0.326
11,68047712,C,T,0,0.688,-2.135,-2.79
11,68812439,C,T,0,0.368,-1.96,-0.707
11,72106158,G,C,0,0.908,0.929,0.091
11,74093854,G,A,0,0.028,-2.045,-2.884
11,77162147,C,T,0,0.839,2.907,0.82
11,77181583,C,T,0,0.988,0.887,0.294
11,77190849,C,G,0,0.984,0.466,0.098
11,77207399,C,T,0,0.759,0.394,1.73
11,78478603,G,A,0,0.997,2.134,1.429
12,101747167,T,C,0,0.99,-0.019,-0.263
12,101761668,A,G,0,0.99,-0.389,0.16
12,101780154,G,A,0,0.944,2.09,3.251
12,102843657,C,T,0,0.796,0.476,0.7
12,102843660,G,T,0,0.806,2.065,2.456
12,102843675,C,T,0,0.386,0.518,0.68
12,102851705,G,A,0,0.992,1.496,0.397
12,102877468,G,A,0,0.879,1.924,1.939
12,102894895,G,A,0,0.993,1.041,3.147
12,102912794,A,G,0,0.623,1.276,3.035
12,109574885,C,T,0,0.985,-4.396,-5.139
12,109784377,C,T,0,0.763,-6.465,-8.999
12,110323059,G,A,0,0.974,2.858,6.871
12,112453348,C,T,0,0.987,-2.975,-1.527
12,120999377,G,A,0,0.978,-0.211,-0.573
12,121954206,G,A,0,0.992,2.058,2.555
12,132680181,T,C,0,0.458,0.355,1.313
12,14882157,C,T,0,0.402,0.89,0.51
12,25245349,A,C,0,0.997,3.355,2.219
12,2581599,C,T,0,0.989,-0.217,-0.283
12,32796114,G,T,0,0.474,-1.608,-1.16
12,32878929,G,A,0,0.646,-0.312,-0.041
12,47855686,C,T,0,0.997,0.902,0.659
12,47983721,G,T,0,0.994,4.494,3.421
12,47986399,T,C,0,0.989,3.352,5.748
12,49022058,G,A,0,0.996,4.352,3.754
12,49028831,G,A,0,0.956,4.494,3.896
12,49041919,G,A,0,0.985,2.997,1.155
12,49048683,G,A,0,0.997,1.021,3.362
12,49054310,T,G,0,0.993,0.715,0.349
12,51913719,A,G,0,0.879,0.197,-0.542
12,57564197,T,A,0,0.979,-1.717,-1.652
12,57782852,C,T,0,0.023,-0.237,-0.241
12,5971698,G,A,0,0.116,-3.298,-1.897
12,5976156,G,A,0,0.831,-2.421,-1.282
12,5983157,G,A,0,0.907,1.916,1.019
12,6023707,G,A,0,0.048,-2.294,-0.045
12,6062972,G,A,0,0.946,-1.72,-0.878
12,82476644,C,T,0,0.986,-0.525,-0.354
12,88087792,C,T,0,0.742,-0.779,-0.858
12,88089041,T,G,0,0.954,0.718,1.373
12,88093782,G,C,0,0.997,3.002,4.55
12,88117060,G,C,0,0.925,1.442,0.518
12,88140962,T,A,0,0.982,0.33,0.834
12,89525196,G,A,0,0.962,-1.225,-1.48
13,100368559,T,C,0,0.29,-0.572,-0.405
13,100368568,G,A,0,0.056,-2.592,-1.797
13,101089849,C,T,0,0.954,-0.793,-0.065
13,110493242,A,G,0,0.826,-1.755,-1.018
13,113110820,C,G,0,0.907,0.775,0.001
13,113117541,C,T,0,0.006,-7.399,-7.065
13,113122885,C,T,0,0.028,0.736,-0.059
13,113129528,G,A,0,0.216,1.336,1.372
13,32316520,C,T,0,0.934,0.481,0.172
13,32326267,A,G,0,0.895,0.395,0.218
13,32336992,T,C,0,0.373,-0.074,0.249
13,32376788,T,G,0,0.603,-1.565,-0.297
13,32379910,A,G,0,0.97,-0.877,-1.681
13,32379910,A,T,0,0.97,-0.877,-1.681
13,39679582,T,C,0,0.978,-0.077,1.268
13,48307400,A,C,0,0.997,1.142,1.159
13,48364959,T,C,0,0.98,1.26,2.108
13,48373483,C,A,0,0.983,0.945,0.223
13,48377028,A,T,0,0.99,1.227,0.164
13,48380237,T,C,0,0.995,1.267,3.426
13,51944130,T,G,0,0.989,-1.559,-2.751
13,51958317,C,T,0,0.7,1.57,0.089
13,51958527,G,A,0,0.813,1.615,2.52
13,51960151,G,A,0,0.388,-0.123,-0.093
13,51970550,T,C,0,0.921,-0.035,-0.712
13,51974101,A,G,0,0.51,-0.123,0.339
13,77150830,G,A,0,0.98,2.843,2.588
14,102044396,G,A,0,0.865,2.087,4.318
14,21321399,T,C,0,0.994,0.722,0.748
14,24081365,G,C,0,0.981,-0.778,-1.918
14,24255992,A,C,0,0.983,-0.936,-3.379
14,39158327,C,T,0,0.992,-0.032,-1.001
14,50278523,T,C,0,0.961,0.344,-0.062
14,50623206,C,T,0,0.998,-0.433,-1.403
14,50915350,G,A,0,0.992,0.078,0.145
14,50937772,G,C,0,0.994,-0.85,-0.341
14,58448363,C,G,0,0.962,0.146,0.311
14,64805017,G,A,0,0.963,0.041,-0.16
14,67823603,T,C,0,0.989,0.829,0.694
14,77279827,A,C,0,0.487,-0.801,-0.337
14,87982217,G,C,0,0.505,0.618,1.235
14,87992973,G,C,0,0.896,2.358,2.355
14,88385830,C,T,0,0.996,1.348,1.54
14,92071008,C,T,0,0.006,-0.646,-0.572
14,94382683,C,T,0,0.066,-0.498,-2.28
14,95091228,G,A,0,0.974,2.797,2.942
14,95091288,C,A,0,0.977,-3.75,-1.657
14,95535317,C,T,0,0.99,1.316,1.034
15,100894016,C,T,0,0.863,-2.009,-2.288
15,100973961,G,A,0,0.051,4.494,5.559
15,27755391,A,G,0,0.002,0.426,0.51
15,27871893,A,G,0,0.958,-0.585,-0.442
15,27926133,C,T,0,0.992,1.388,0.938
15,27951881,A,C,0,0.002,-1.346,-0.429
15,27955164,T,C,0,0.113,-0.607,0.284
15,27990609,A,G,0,0.137,-3.623,-1.56
15,31060568,G,T,0,0.989,3.011,3.629
15,38507734,A,G,0,0.976,0.993,3.74
15,40001188,T,G,0,0.99,-0.758,-0.385
15,40621755,A,G,0,0.233,-4.731,-3.841
15,40774368,G,A,0,0.287,-0.999,-1.485
15,42360099,C,G,0,0.902,0.942,1.016
15,42384518,A,G,0,0.995,1.265,3.362
15,42386267,A,T,0,0.914,-3.56,-4.149
15,42401804,C,A,0,0.166,1.519,0.804
15,42410620,C,A,0,0.944,-4.516,-3.898
15,43403691,C,T,0,0.992,1.536,3.719
15,43604111,C,T,0,0.792,-0.875,-0.886
15,44573554,C,T,0,0.243,0.467,0.862
15,48436998,A,G,0,0.976,-0.019,0.229
15,48437353,C,T,0,0.978,-0.565,-1.317
15,48465580,G,T,0,0.526,4.494,4.744
15,48465803,G,A,0,0.986,-0.748,-0.292
15,48465833,T,G,0,0.97,0.75,1.276
15,48485381,T,C,0,0.901,-1.222,-0.339
15,48495133,T,C,0,0.937,-1.159,-1.044
15,48510066,T,A,0,0.842,-1.479,-1.743
15,48534156,G,A,0,0.998,4.494,5.658
15,48537636,T,C,0,0.997,-0.561,0.13
15,57232295,G,C,0,0.996,2.927,1.709
15,63634748,T,C,0,0.995,-0.054,-0.026
15,71814100,C,T,0,0.991,0.837,2.351
15,72346546,C,T,0,0.858,-0.293,-0.264
15,72349096,C,T,0,0.997,0.441,1.967
15,72353071,A,G,0,0.887,-0.314,-0.736
15,72353074,G,A,0,0.954,1.183,0.376
15,74023299,C,G,0,0.006,-0.057,0.026
15,74339303,G,A,0,0.98,1.919,1.024
15,74342983,C,T,0,0.667,-0.301,-0.217
15,80172241,C,T,0,0.878,2.742,4.242
15,82679738,C,T,0,0.99,0.473,3.1
15,89260838,C,T,0,0.97,-0.422,0.305
15,89317488,G,A,0,0.998,0.088,0.638
15,89325515,C,A,0,0.946,2.903,2.28
15,92927309,G,A,0,0.865,-0.08,-0.045
15,92953540,G,C,0,0.998,2.995,2.615
15,98707851,T,A,0,0.998,-0.458,-0.324
16,1455137,C,T,0,0.734,-4.708,-3.146
16,1507039,T,A,0,0.836,-0.098,-0.026
16,1518240,G,A,0,0.018,0.447,3.12
16,1520737,G,A,0,0.736,-0.835,-2.907
16,1524564,G,A,0,0.972,2.853,3.147
16,1592478,G,T,0,0.204,-0.265,-0.174
16,16154891,C,T,0,0.543,0.204,0.499
16,16159485,C,T,0,0.714,-0.011,0.856
16,173251,G,T,0,0.258,-0.219,-1.517
16,1792384,G,A,0,0.254,-0.004,0.466
16,18788078,T,C,0,0.991,-1.175,-0.025
16,2053449,G,C,0,0.187,-0.005,0.07
16,2060810,C,T,0,0.926,-1.083,-1.016
16,2063050,T,C,0,0.209,-2.28,-0.836
16,2072980,A,G,0,0.815,-0.495,0.405
16,2076167,T,C,0,0.31,-0.832,-0.891
16,2079159,C,A,0,0.792,1.766,2.957
16,2084368,G,A,0,0.949,0.03,0.098
16,2085319,C,G,0,0.424,1.564,0.234
16,2090330,G,A,0,0.476,-0.125,1.116
16,2090734,G,A,0,0.003,-0.457,-0.573
16,2092154,G,A,0,0.001,-1.006,-1.059
16,2092550,G,A,0,0.404,2.06,0.386
16,2115465,C,G,0,0.025,-1.731,-2.996
16,2118266,A,G,0,0.003,-4.262,-4.041
16,2288141,G,A,0,0.045,-0.55,-0.274
16,2319586,G,A,0,0.321,2.917,6.589
16,23623127,T,G,0,0.63,-0.179,0.288
16,23629228,G,A,0,0.292,0.927,1.351
16,23641116,C,T,0,0.985,0.949,0.576
16,23641140,C,T,0,0.911,0.235,0.696
16,28894604,C,T,0,0.896,-1.729,-1.078
16,30089129,C,T,0,0.732,-1.235,-3.214
16,30966374,G,A,0,0.994,-0.118,0.797
16,3243195,C,T,0,0.721,-0.354,-1.921
16,3658832,G,A,0,0.002,-1.241,-0.17
16,3739700,A,T,0,0.997,-0.55,-0.142
16,46918701,C,T,0,0.952,-0.318,0.154
16,5083754,G,A,0,0.983,1.452,0.988
16,56497746,A,T,0,0.361,-0.042,0.113
16,56511168,G,T,0,0.811,1.424,0.776
16,56511177,T,C,0,0.712,1.248,2.762
16,56519752,C,A,0,0.898,-1.554,-2.337
16,56902493,G,C,0,0.56,-0.008,0.049
16,57915288,G,A,0,0.741,-1.128,-0.481
16,67166368,C,T,0,0.993,-3.793,-1.067
16,67436346,G,C,0,0.994,0.015,0.315
16,68737460,G,A,0,0.634,0.488,0.229
16,68810337,T,C,0,0.966,-0.394,0.155
16,68811856,A,G,0,0.995,0.248,1.487
16,68812257,C,T,0,0.249,-5.253,-4.394
16,68812260,C,T,0,0.241,-0.205,-1.324
16,68828208,G,A,0,0.922,0.967,0.427
16,70255740,G,A,0,0.583,-3.904,-3.899
16,71568714,T,C,0,0.897,-1.249,-0.535
16,74719003,G,A,0,0.838,-0.799,-0.274
16,75555942,C,T,0,0.996,1.606,2.235
16,87902467,G,A,0,0.165,-4.995,-5.987
16,8804832,T,C,0,0.864,0.397,0.202
16,88646194,G,A,0,0.028,-0.944,-0.09
16,88713432,C,T,0,0.969,-0.024,0.113
16,88719622,G,A,0,0.984,4.24,2.759
16,89694713,C,A,0,0.027,-0.267,0.075
16,89744964,G,A,0,0.114,0.804,0.123
16,89783010,G,T,0,0.475,-0.008,0.877
16,89784859,G,A,0,0.159,0.122,0.051
17,17217071,G,T,0,0.539,2.726,4.06
17,17217075,T,A,0,0.549,-0.588,-0.199
17,18155204,C,T,0,0.662,-0.244,0.847
17,18155216,C,T,0,0.654,0.872,1.963
17,18166437,C,T,0,0.938,0.904,2.43
17,18166497,A,G,0,0.872,-1.111,-1.637
17,2674255,A,G,0,0.714,-0.534,-0.999
17,28735362,C,T,0,0.223,-2.952,-3.13
17,31159084,T,C,0,0.98,3.352,2.24
17,31201135,C,T,0,0.959,-0.169,0.133
17,31201156,T,C,0,0.992,0.149,1.205
17,31227288,T,C,0,0.99,-1.166,-0.422
17,31229324,G,T,0,0.998,2.874,4.829
17,31235652,G,A,0,0.991,0.482,0.387
17,31235736,C,T,0,0.986,0.482,0.873
17,31258499,A,G,0,0.995,2.018,2.674
17,31335028,G,A,0,0.989,1.352,0.679
17,31338136,C,T,0,0.878,2.826,3.404
17,31338751,T,C,0,0.996,3.321,3.292
17,31338799,T,C,0,0.985,0.393,0.755
17,3481792,C,T,0,0.965,0.152,1.402
17,3656789,G,A,0,0.729,-0.047,-0.746
17,40820589,G,A,0,0.993,1.461,0.153
17,41769424,C,T,0,0.857,1.609,1.745
17,42910994,C,T,0,0.356,1.617,0.548
17,43047686,C,G,0,0.862,-0.028,-0.043
17,43067618,A,G,0,0.532,0.139,0.176
17,43071162,G,A,0,0.347,0.335,0.458
17,43074334,G,A,0,0.861,1.437,1.652
17,43090947,A,G,0,0.976,-0.084,-0.143
17,43115737,G,A,0,0.997,1.223,1.683
17,44257383,G,T,0,0.998,4.494,5.92
17,44349545,C,T,0,0.852,-0.216,-0.144
17,44349741,C,T,0,0.636,0.88,0.435
17,44351768,G,A,0,0.511,0.622,0.405
17,44374384,C,T,0,0.948,1.545,0.763
17,44380883,G,A,0,0.938,1.026,1.181
17,44385854,C,T,0,0.975,-2.161,-2.297
17,44879559,C,T,0,0.209,-0.673,0.071
17,44910619,A,G,0,0.951,2.956,3.128
17,46010345,C,T,0,0.998,2.907,3.556
17,46010363,C,T,0,0.998,2.907,3.225
17,46010390,G,A,0,0.992,-0.192,-0.216
17,46018649,G,A,0,0.993,1.5,2.283
17,47291055,C,T,0,0.992,-0.167,-0.217
17,47292285,T,C,0,0.269,0.092,-0.08
17,4900852,G,A,0,0.974,2.995,5.829
17,4937854,G,A,0,0.998,3.013,8.39
17,5000845,T,C,0,0.995,0.077,-0.805
17,50169230,C,T,0,0.61,-3.064,-1.858
17,50190372,A,T,0,0.987,1.255,2.214
17,50199559,G,T,0,0.475,0.522,0.274
17,61849138,A,T,0,0.99,-0.533,-0.753
17,63917766,C,G,0,0.005,0.819,1.294
17,7194480,G,A,0,0.992,-2.097,-1.546
17,7196934,G,A,0,0.642,-4.431,-1.846
17,7203470,G,A,0,0.965,-0.193,-0.332
17,7221612,C,T,0,0.997,-0.469,-0.216
17,7222273,G,A,0,0.782,1.379,0.147
17,7222862,G,A,0,0.959,0.433,0.45
17,7223866,C,T,0,0.983,0.183,-0.464
17,7224214,G,C,0,0.98,1.485,1.142
17,7224494,G,A,0,0.845,2.087,0.907
17,75517057,G,A,0,0.992,1.833,2.222
17,75522257,G,A,0,0.059,2.739,1.276
17,75522323,C,T,0,0.007,-2.37,-3.551
17,75727484,G,A,0,0.566,2.998,2.475
17,75733622,C,G,0,0.641,0.917,-0.008
17,75736383,G,A,0,0.687,-2.176,-3.026
17,75762869,G,A,0,0.978,2.999,5.556
17,7673541,G,T,0,0.851,0.738,0.976
17,7676000,A,T,0,0.463,-0.807,-0.344
17,7676003,C,A,0,0.465,0.108,0.627
17,80105099,G,C,0,0.598,2.837,1.307
17,80105111,T,C,0,0.683,-8.384,-9.798
17,80105129,C,T,0,0.692,-0.094,0.071
17,80105886,C,T,0,0.005,-0.339,-0.432
17,80107719,C,A,0,0.048,-0.059,-0.2
17,80110044,C,T,0,0.007,0.814,2.746
17,80111009,C,T,0,0.016,0.137,-0.462
17,80113021,C,T,0,0.002,0.131,0.37
17,80118802,C,T,0,0.189,-0.468,-0.095
17,80213823,G,C,0,0.191,2.894,2.403
17,82929497,G,A,0,0.053,-0.614,-0.098
18,21508587,C,A,0,0.959,2.907,1.323
18,23541390,A,G,0,0.672,-0.657,0.818
18,23921048,C,T,0,0.035,-0.279,0.136
18,23943968,C,T,0,0.339,0.901,0.855
18,31079974,A,T,0,0.644,1.26,1.303
18,46485081,G,T,0,0.99,0.962,-0.065
18,46521136,G,A,0,0.507,-0.523,0.759
18,55261481,C,T,0,0.997,0.481,1.035
18,57554305,C,T,0,0.927,-3.231,-5.601
18,57571537,C,T,0,0.971,0.867,0.098
18,57694585,G,A,0,0.987,1.044,1.559
18,59273072,G,A,0,0.708,0.498,0.416
18,59273129,G,T,0,0.024,0.009,-0.626
18,62140464,A,G,0,0.979,-0.361,0.461
18,62143318,T,G,0,0.987,-0.343,-0.212
18,63338803,G,A,0,0.912,3.017,2.603
18,70109684,C,T,0,0.931,-7.24,-6.115
19,11102773,C,T,0,0.006,-3.333,-1.087
19,11102776,G,A,0,0.023,0.597,0.806
19,11105437,G,A,0,0.216,-8.481,-11.052
19,11105575,G,A,0,0.392,2.009,1.401
19,11110683,C,T,0,0.094,1.604,0.114
19,11113306,C,T,0,0.146,0.137,0.491
19,11113679,G,C,0,0.087,-4.214,-2.586
19,11116965,G,A,0,0.273,0.503,0.043
19,11116984,T,C,0,0.534,0.033,-0.529
19,11120509,G,A,0,0.911,0.583,1.365
19,1220502,C,T,0,0.134,-3.297,-0.285
19,1223105,G,T,0,0.011,0.006,1.384
19,1226605,C,A,0,0.587,0.401,0.778
19,12806736,C,T,0,0.109,-2.294,-2.216
19,12806754,G,A,0,0.128,1.429,4.904
19,12891518,T,C,0,0.236,-0.68,-0.833
19,12892174,C,T,0,0.99,0.83,0.503
19,1399796,G,A,0,0.069,1.949,4.938
19,15186936,A,G,0,0.986,-0.067,-0.133
19,17486848,G,A,0,0.981,-0.657,-1.323
19,17831236,G,A,0,0.971,1.939,0.42
19,17837151,G,A,0,0.804,-2.353,-0.843
19,18075801,C,A,0,0.001,-1.187,-1.57
19,32843936,C,T,0,0.826,-2.293,-1.079
19,32862480,C,G,0,0.118,-2.136,-1.841
19,32864747,G,A,0,0.946,1.412,2.207
19,35730098,G,A,0,0.856,2.999,2.171
19,35846054,C,T,0,0.874,-2.459,-2.282
19,36083203,C,G,0,0.957,2.907,0.743
19,36091235,C,G,0,0.955,-4.663,-1.85
19,38463497,C,G,0,0.105,-2.41,-1.338
19,38463524,C,T,0,0.315,0.927,-0.464
19,38467722,C,G,0,0.966,-1.061,-0.838
19,38490252,G,A,0,0.412,1.406,2.313
19,38543426,G,C,0,0.928,0.938,0.261
19,38572267,C,T,0,0.681,1.589,0.044
19,38916085,G,T,0,0.985,-1.775,-1.597
19,41410810,C,T,0,0.813,-0.413,0.209
19,42287545,C,A,0,0.983,0.899,0.355
19,45352542,G,T,0,0.33,4.494,4.814
19,49167970,A,G,0,0.88,-2.762,-3.781
19,49865130,G,C,0,0.734,2.888,2.49
19,5039901,G,A,0,0.268,-0.908,-1.417
19,54122588,G,C,0,0.985,-4.681,-5.379
19,54124593,T,C,0,0.056,-1.266,0.457
19,54128362,T,A,0,0.257,0.167,0.01
19,54143150,C,T,0,0.993,0.5,-0.054
19,7125313,C,T,0,0.92,-9.558,-11.269
19,7533648,C,T,0,0.536,-1.969,-1.446
19,855761,T,C,0,0.001,-2.794,-2.39
19,855782,C,T,0,0.029,-4.055,-4.273
1,100210697,A,G,0,0.923,-0.942,-0.027
1,102890466,G,T,0,0.997,-0.744,-0.588
1,102920320,A,C,0,0.965,0.265,-0.029
1,102979415,C,T,0,0.981,-0.036,-0.195
1,109236443,G,A,0,0.991,0.024,-0.699
1,113911432,C,G,0,0.277,-2.94,-2.072
1,115033522,C,A,0,0.987,1.589,1.55
1,115740767,G,T,0,0.955,0.906,0.255
1,11793916,G,A,0,0.987,1.355,5.43
1,11794385,C,A,0,0.641,-5.767,-4.341
1,11957005,G,C,0,0.909,1.409,0.556
1,11960753,C,T,0,0.81,1.596,0.317
1,150511525,C,T,0,0.869,1.548,1.454
1,150558634,C,T,0,0.974,-0.403,-1.376
1,15440373,C,T,0,0.29,0.499,-0.304
1,155239893,C,G,0,0.224,-4.804,-5.902
1,155293537,A,G,0,0.458,-1.661,-1.742
1,155293540,G,A,0,0.442,-1.322,-0.113
1,155295491,C,A,0,0.322,2.829,2.229
1,156130732,C,T,0,0.916,-0.085,0.54
1,156134972,C,T,0,0.823,-0.051,0.076
1,156135306,G,A,0,0.909,2.121,7.021
1,156135915,G,A,0,0.954,0.529,1.249
1,156136092,C,T,0,0.996,0.504,1.455
1,156136102,T,C,0,0.992,1.612,4.701
1,156136119,G,A,0,0.991,1.465,3.681
1,156137725,C,T,0,0.989,-1.145,-1.267
1,156138607,G,A,0,0.976,3.016,6.165
1,156138613,C,A,0,0.992,2.907,0.166
1,156138703,G,A,0,0.994,2.945,1.239
1,156138754,C,T,0,0.985,0.468,0.488
1,156864372,G,A,0,0.996,0.622,1.281
1,158612862,G,A,0,0.986,0.324,0.494
1,158653396,A,G,0,0.376,0.586,0.419
1,158653405,A,G,0,0.298,-0.183,0.512
1,158676265,G,A,0,0.407,1.35,4.396
1,16053741,C,T,0,0.18,-2.283,-2.303
1,161168055,G,A,0,0.689,-1.05,-0.492
1,161306874,G,A,0,0.915,2.006,1.248
1,161306877,C,T,0,0.826,-0.042,-0.74
1,168291265,C,T,0,0.517,-6.152,-5.071
1,169552629,T,C,0,0.097,-0.466,-0.46
1,17027752,T,C,0,0.996,1.207,1.247
1,17027755,C,T,0,0.994,0.891,1.144
1,173826760,C,T,0,0.998,0.435,-0.602
1,173909586,G,A,0,0.854,-0.694,-1.001
1,183563583,T,C,0,0.672,-0.812,-1.842
1,18876342,C,T,0,0.969,0.93,0.242
1,19223411,T,C,0,0.976,-2.821,-1.647
1,19239827,G,A,0,0.975,4.494,6.329
1,197427923,A,G,0,0.11,0.221,0.102
1,198696722,A,G,0,0.002,0.397,0.179
1,200565499,G,A,0,0.974,0.048,0.217
1,200842050,G,A,0,0.918,-1.843,-0.714
1,201365197,G,A,0,0.96,2.985,2.14
1,203503579,C,T,0,0.705,-0.166,0.71
1,209617424,A,G,0,0.012,-0.064,-0.217
1,209790844,G,A,0,0.856,-0.539,-0.59
1,209796433,A,G,0,0.996,0.081,0.999
1,211673528,C,T,0,0.868,-5.0,-1.06
1,212080704,G,A,0,0.938,-0.206,0.035
1,215634555,G,A,0,0.936,0.52,-0.041
1,215670999,T,C,0,0.817,-1.804,-0.8
1,21575902,C,T,0,0.968,-0.154,-1.289
1,215790074,A,G,0,0.998,0.351,1.395
1,215844309,A,C,0,0.993,-0.109,0.145
1,215867140,T,C,0,0.908,-0.035,-0.117
1,215900178,C,A,0,0.741,2.903,0.778
1,216196718,A,C,0,0.913,-0.3,-0.064
1,216250928,C,T,0,0.99,0.846,2.312
1,216325332,T,A,0,0.949,-1.356,-0.009
1,216325503,T,G,0,0.031,-3.403,-2.02
1,21864109,C,T,0,0.271,-2.107,-0.67
1,22129731,C,T,0,0.524,-3.559,-5.161
1,222628597,C,T,0,0.015,0.664,0.697
1,228174989,C,T,0,0.082,-2.509,-2.278
1,231241447,C,T,0,0.022,-1.195,-0.772
1,235800886,A,G,0,0.986,1.215,0.726
1,23798621,G,A,0,0.927,0.467,1.688
1,24337708,C,G,0,0.982,1.556,0.364
1,248361664,A,C,0,0.258,0.193,1.902
1,26911947,G,A,0,0.988,2.08,0.369
1,39850189,A,G,0,0.991,0.605,0.174
1,40314262,G,A,0,0.843,0.665,0.692
1,40314376,C,A,0,0.908,-2.908,-2.11
1,40818575,C,T,0,0.628,-3.695,-2.717
1,42927629,C,T,0,0.998,1.618,1.492
1,45014964,A,G,0,0.903,-0.856,-0.243
1,45331809,C,A,0,0.024,-0.43,-2.503
1,45332583,G,A,0,0.674,1.453,-0.123
1,45333106,T,G,0,0.288,1.17,0.721
1,45507547,A,G,0,0.921,0.693,0.661
1,58689065,T,C,0,0.995,3.352,2.837
1,62528157,C,T,0,0.747,-2.113,-1.379
1,62688259,G,T,0,0.605,-0.586,-0.387
1,6825177,A,G,0,0.998,1.963,6.187
1,68438211,A,G,0,0.816,-0.886,-0.012
1,68448628,T,C,0,0.231,-3.469,-0.514
1,75733623,T,C,0,0.985,-0.108,0.152
1,75749493,T,C,0,0.995,1.908,1.5
1,92080586,G,A,0,0.098,0.534,0.916
1,9262297,C,T,0,0.932,-0.179,-0.031
1,94001049,G,A,0,0.893,-0.027,0.857
1,94005447,G,T,0,0.177,-2.315,-0.159
1,94008265,G,A,0,0.834,1.442,3.639
1,94011365,G,A,0,0.793,0.648,0.939
1,94021849,G,A,0,0.958,1.978,1.369
1,94021855,A,G,0,0.451,-0.456,0.01
1,94029448,G,A,0,0.096,-3.792,-3.449
1,94030496,C,T,0,0.06,-1.803,-1.419
1,94031781,C,T,0,0.122,-1.183,-2.08
1,94037184,A,G,0,0.965,-1.075,-1.189
1,94077708,C,A,0,0.723,0.176,0.742
1,94098803,G,C,0,0.732,2.883,2.108
1,94098824,G,A,0,0.904,2.876,1.848
1,94120986,C,T,0,0.779,-0.787,-0.357
20,3082762,G,A,0,0.665,-0.099,0.083
20,33757339,G,A,0,0.932,-0.985,-0.304
20,44407384,T,C,0,0.997,-0.121,0.125
20,44418503,C,T,0,0.962,1.61,2.105
20,44624205,G,A,0,0.025,-1.318,-0.704
20,46123151,C,T,0,0.319,-0.42,-0.537
20,4699904,A,G,0,0.663,-1.223,-0.603
20,57266093,C,T,0,0.81,2.635,1.306
20,58891837,C,T,0,0.983,0.288,0.44
20,63414093,G,C,0,0.563,-1.101,-2.34
20,761815,C,T,0,0.532,-3.151,-1.35
21,14109008,T,G,0,0.287,0.302,0.319
21,33582221,T,G,0,0.958,0.333,0.376
21,41237600,C,T,0,0.29,0.755,0.172
21,42485798,C,T,0,0.463,0.053,-0.225
21,43774679,C,T,0,0.048,-6.563,-4.032
21,43776216,G,A,0,0.286,-0.101,-0.097
21,46114061,C,T,0,0.975,2.69,1.835
21,46116674,C,T,0,0.791,1.282,0.811
21,46277531,C,T,0,0.367,-0.851,-0.884
22,17203599,G,A,0,0.961,-2.364,0.005
22,18078601,G,T,0,0.205,-0.097,0.317
22,19482824,C,T,0,0.062,0.479,-0.018
22,19496002,C,T,0,0.988,-0.651,-0.346
22,20989679,G,A,0,0.982,1.455,1.731
22,24495493,T,C,0,0.345,0.28,-0.329
22,25224956,G,A,0,0.884,-4.608,-1.479
22,28734482,A,C,0,0.993,-8.337,-9.741
22,29642276,C,G,0,0.941,-0.242,0.046
22,29661336,G,A,0,0.986,2.114,1.982
22,31857544,C,T,0,0.98,2.814,1.664
22,37086356,C,T,0,0.969,-3.375,-4.071
22,38132840,C,T,0,0.972,2.907,1.371
22,38132960,C,T,0,0.26,-3.022,-5.925
22,38143108,C,T,0,0.417,-0.226,-0.721
22,39350070,G,A,0,0.963,3.13,3.293
22,40359002,T,C,0,0.79,0.498,1.611
22,50526008,C,T,0,0.24,0.498,-0.419
22,50625592,G,A,0,0.824,0.263,0.247
22,50627181,C,T,0,0.002,-5.531,-3.131
2,112001282,T,G,0,0.996,0.268,-0.457
2,112010049,T,C,0,0.986,-0.272,0.041
2,11765688,C,T,0,0.863,-2.717,-1.411
2,127426215,C,T,0,0.603,-1.765,-1.501
2,151492108,C,T,0,0.704,-1.597,-0.001
2,151494170,G,A,0,0.993,2.982,1.319
2,151494179,A,G,0,0.998,1.3,0.817
2,151494188,G,A,0,0.998,2.94,2.395
2,151551744,C,T,0,0.949,1.606,3.134
2,151569274,G,A,0,0.567,4.494,1.136
2,151682671,G,T,0,0.987,0.959,0.472
2,15178991,A,T,0,0.291,-1.519,-0.763
2,15178997,T,C,0,0.135,-1.995,-1.051
2,1540717,G,A,0,0.004,-1.725,-1.43
2,165373329,C,A,0,0.98,0.493,0.602
2,165998062,A,G,0,0.998,2.004,3.81
2,166036051,T,C,0,0.974,1.207,3.814
2,166039425,A,G,0,0.153,-0.127,0.316
2,166041234,G,A,0,0.929,1.457,0.8
2,166045073,T,A,0,0.729,-5.194,-3.392
2,166051780,A,G,0,0.857,0.006,0.312
2,166052868,C,T,0,0.69,-6.437,-3.562
2,166052871,C,T,0,0.688,1.97,7.059
2,168935231,T,C,0,0.662,0.1,-0.376
2,168944896,T,C,0,0.987,-0.017,-0.023
2,168970051,C,T,0,0.728,1.604,0.465
2,168971850,T,C,0,0.987,-1.27,-0.839
2,168993720,G,A,0,0.995,4.452,2.12
2,168996721,A,G,0,0.564,1.203,0.672
2,169503172,T,G,0,0.987,1.25,0.706
2,174753606,G,A,0,0.994,0.835,2.225
2,178542268,G,A,0,0.962,1.005,1.124
2,178559321,T,G,0,0.984,-0.22,0.175
2,178578630,A,G,0,0.843,-1.538,-0.153
2,178759123,C,T,0,0.998,-1.141,-4.409
2,178783723,G,A,0,0.979,4.452,2.417
2,188998691,C,T,0,0.905,-0.946,-0.239
2,189001432,T,C,0,0.977,0.374,0.764
2,189010881,T,C,0,0.982,0.76,2.298
2,189062868,C,T,0,0.34,-0.712,-0.131
2,189079990,T,G,0,0.995,0.329,0.558
2,190252275,A,G,0,0.997,3.37,3.149
2,1917239,G,A,0,0.992,0.032,0.236
2,196890888,T,C,0,0.994,0.384,0.018
2,19914132,T,C,0,0.971,-0.513,-0.363
2,201754586,C,T,0,0.955,-4.023,-2.479
2,202464912,C,T,0,0.973,-0.752,-0.013
2,202519034,G,C,0,0.989,0.891,1.234
2,214947425,C,A,0,0.951,0.865,1.235
2,214978810,C,A,0,0.415,-0.997,-0.128
2,215018029,G,A,0,0.839,-0.73,-0.346
2,218661296,C,T,0,0.983,0.508,2.031
2,218661520,G,A,0,0.998,0.588,2.119
2,218813093,C,T,0,0.91,0.942,4.481
2,219030197,G,A,0,0.798,0.157,-0.644
2,222295550,A,G,0,0.961,-0.375,-0.081
2,222642976,T,C,0,0.676,-0.267,0.399
2,224503049,C,T,0,0.879,-0.255,-0.203
2,224503706,G,A,0,0.998,0.356,0.09
2,224503820,T,C,0,0.903,0.738,1.551
2,227077913,A,G,0,0.988,-0.129,0.56
2,227103150,T,C,0,0.328,1.944,1.544
2,227108599,C,T,0,0.762,-0.158,-0.176
2,227251181,A,G,0,0.858,-0.898,-0.401
2,227253335,C,A,0,0.951,0.48,0.309
2,227253629,T,C,0,0.922,-2.081,-2.268
2,227289229,C,G,0,0.151,-0.102,0.038
2,229818460,T,C,0,0.991,0.201,1.929
2,237361748,G,A,0,0.039,-1.896,-1.506
2,25274971,C,G,0,0.992,1.605,0.283
2,27312500,T,C,0,0.883,-1.809,-1.125
2,27449550,A,G,0,0.992,-0.358,-0.277
2,32063996,C,T,0,0.951,0.049,0.72
2,32114741,C,T,0,0.967,0.44,0.3
2,32114813,T,C,0,0.016,-0.044,0.679
2,32126968,T,C,0,0.992,1.827,1.828
2,32127004,G,A,0,0.992,1.904,1.354
2,32128458,T,G,0,0.997,3.193,1.981
2,32141925,T,C,0,0.997,3.035,4.319
2,3478927,C,T,0,0.011,-1.4,0.038
2,38074627,C,T,0,0.777,0.38,0.046
2,46950517,G,A,0,0.737,1.39,0.85
2,47408483,T,C,0,0.988,0.093,1.232
2,47414415,T,C,0,0.898,0.105,0.15
2,47429937,T,C,0,0.976,-0.757,0.015
2,47480868,A,G,0,0.995,1.291,2.322
2,47803664,C,G,0,0.993,0.465,1.485
2,55645380,T,G,0,0.939,0.719,2.035
2,58160120,T,C,0,0.995,-0.425,-0.306
2,69077458,C,T,0,0.981,-0.338,-0.36
2,70961013,A,T,0,0.888,1.814,-0.018
2,71503238,A,G,0,0.971,-0.099,-0.28
2,71515745,C,T,0,0.95,-0.022,0.347
2,71520901,G,T,0,0.091,-2.663,-2.597
2,71679230,C,T,0,0.906,0.185,-0.039
2,86252011,G,A,0,0.844,-2.058,-0.931
2,86254709,T,C,0,0.96,0.808,1.749
2,98396778,C,G,0,0.863,-0.008,-2.239
3,10142069,C,G,0,0.987,2.419,0.472
3,10146518,C,T,0,0.976,0.16,-0.024
3,10146590,T,G,0,0.995,0.331,0.939
3,10146632,G,A,0,0.99,-0.048,-0.181
3,10146632,G,T,0,0.99,-0.048,-0.181
3,10149803,G,A,0,0.922,0.025,0.618
3,120644337,C,T,0,0.982,0.952,1.558
3,120646982,G,A,0,0.997,4.494,4.925
3,120682106,A,T,0,0.126,-4.912,-5.656
3,128481939,G,C,0,0.986,-1.649,-2.734
3,128483899,A,G,0,0.955,-0.619,0.273
3,128485953,C,T,0,0.988,0.432,1.299
3,132671869,T,C,0,0.996,-0.029,-0.084
3,132689149,C,T,0,0.917,-0.01,0.351
3,15453870,G,A,0,0.944,1.459,1.362
3,15642045,C,T,0,0.527,2.907,3.161
3,160285834,C,T,0,0.828,-0.782,-0.07
3,180651419,C,T,0,0.009,-0.695,-0.776
3,183094587,T,C,0,0.678,-0.126,-0.092
3,184248827,C,T,0,0.998,0.417,0.055
3,193638026,A,G,0,0.845,-2.278,-0.913
3,193643046,T,G,0,0.949,0.377,0.181
3,193645609,T,C,0,0.996,1.937,1.785
3,193648083,C,T,0,0.996,1.617,2.978
3,193648095,A,G,0,0.986,1.0,1.431
3,193648125,A,G,0,0.987,0.825,2.591
3,193662935,C,G,0,0.992,-0.237,-0.45
3,23917877,C,T,0,0.96,0.178,1.362
3,25737398,G,C,0,0.997,2.985,1.666
3,30688508,C,T,0,0.976,0.479,1.146
3,33016733,A,G,0,0.749,-0.646,0.303
3,33068955,G,A,0,0.849,2.886,5.198
3,37008897,T,C,0,0.996,0.702,0.352
3,37014471,C,T,0,0.921,0.193,0.104
3,37017594,C,T,0,0.906,0.185,1.272
3,37020460,C,T,0,0.943,0.501,0.035
3,37042325,G,A,0,0.976,0.695,0.275
3,37042328,A,G,0,0.98,-0.074,0.063
3,37047680,T,C,0,0.992,0.331,1.152
3,37048606,T,C,0,0.777,-2.59,-1.496
3,38554370,C,T,0,0.785,-0.025,0.422
3,38557236,T,G,0,0.945,0.706,0.928
3,38557237,G,T,0,0.949,2.124,1.086
3,38603721,C,T,0,0.315,0.359,0.071
3,41234291,A,G,0,0.639,1.256,3.773
3,45834262,T,C,0,0.796,1.263,1.634
3,47017656,A,G,0,0.985,2.089,5.443
3,48565646,T,C,0,0.775,-0.539,-0.688
3,48570137,G,A,0,0.841,-0.216,-2.439
3,48570645,C,A,0,0.927,0.174,0.487
3,48572139,C,A,0,0.033,-4.988,-4.408
3,48572139,C,T,0,0.033,-4.988,-4.408
3,48572677,A,G,0,0.878,0.777,0.042
3,48572734,T,A,0,0.6,-1.711,-2.526
3,48574274,A,G,0,0.636,-0.204,-1.955
3,48575873,G,T,0,0.33,2.026,1.697
3,48576255,A,G,0,0.002,-1.244,-2.601
3,48576424,C,T,0,0.988,-0.477,-0.976
3,48578354,G,T,0,0.978,0.267,-0.242
3,48578465,G,A,0,0.071,0.802,1.386
3,48580034,C,A,0,0.551,0.18,-0.121
3,48580306,C,T,0,0.92,2.9,1.279
3,48580897,G,T,0,0.573,-1.165,-2.183
3,48584919,A,C,0,0.123,-0.057,-1.377
3,48586229,A,G,0,0.197,-2.778,-1.344
3,48589636,G,A,0,0.992,-2.352,-3.446
3,49419263,C,T,0,0.926,-0.038,-0.053
3,49419404,G,T,0,0.946,-0.053,0.023
3,49421507,C,T,0,0.971,-0.002,0.128
3,50379107,A,G,0,0.991,-0.944,1.053
3,52222672,C,T,0,0.107,-0.435,-1.536
3,52362411,T,G,0,0.997,-4.093,-2.637
3,52407961,A,T,0,0.983,-0.781,-0.173
3,57198855,C,T,0,0.6,-0.073,0.158
3,58134754,G,C,0,0.989,0.026,-0.184
3,69949107,A,G,0,0.95,-0.36,-0.088
3,69964891,A,T,0,0.959,0.393,0.175
3,70970757,T,C,0,0.998,0.146,0.831
3,70977685,T,A,0,0.971,-0.914,-0.668
3,97791810,T,C,0,0.994,0.349,0.151
3,98532399,C,T,0,0.014,0.915,0.587
3,9943478,G,A,0,0.781,-0.29,-0.357
4,1003467,G,C,0,0.215,-0.128,-0.762
4,102579011,C,T,0,0.97,-1.395,-1.69
4,102723868,A,G,0,0.992,-0.282,0.331
4,127938802,T,C,0,0.984,0.474,0.777
4,15555195,G,A,0,0.888,2.094,1.359
4,15994023,G,A,0,0.088,0.256,0.045
4,16016172,G,A,0,0.874,-0.161,0.106
4,176193462,C,T,0,0.939,0.193,0.396
4,186280365,A,G,0,0.001,0.137,0.283
4,186589045,G,A,0,0.088,-3.083,-1.286
4,25145080,A,G,0,0.993,0.354,1.567
4,3463423,C,G,0,0.988,1.705,0.217
4,3476421,C,A,0,0.904,0.051,0.317
4,3476526,G,T,0,0.996,4.022,0.678
4,39216004,T,G,0,0.978,-0.764,-0.133
4,73410344,G,C,0,0.034,-1.106,-1.005
4,79978043,G,A,0,0.282,4.392,4.844
4,87612161,C,T,0,0.001,0.345,0.615
4,87982632,G,A,0,0.313,-1.401,-0.614
4,88036323,A,G,0,0.992,1.943,2.191
4,88052119,C,T,0,0.843,0.828,3.625
4,88058070,T,C,0,0.995,0.65,0.78
4,88131187,C,T,0,0.974,-0.936,-2.568
4,99611447,T,G,0,0.535,-0.752,-0.519
5,112801380,T,C,0,0.971,-0.165,0.262
5,112819260,T,C,0,0.997,3.352,2.132
5,112827241,C,G,0,0.992,0.206,0.02
5,112835076,G,C,0,0.998,0.79,0.865
5,112835151,A,T,0,0.997,0.087,0.364
5,112835160,C,T,0,0.993,0.499,0.437
5,112837644,T,C,0,0.985,-0.042,0.627
5,119527195,A,C,0,0.998,1.248,0.993
5,1219008,C,T,0,0.822,1.363,0.458
5,126568278,C,G,0,0.969,-1.708,-0.324
5,126568296,C,A,0,0.976,1.534,1.189
5,126595043,C,T,0,0.99,-0.011,0.039
5,13777295,C,T,0,0.4,0.44,-0.32
5,13829516,A,G,0,0.978,-0.306,-0.135
5,14397045,G,A,0,0.932,1.44,2.864
5,147828117,G,A,0,0.045,-0.099,-0.281
5,147829611,G,C,0,0.003,-0.094,-0.144
5,148088599,A,G,0,0.647,-0.169,-0.115
5,148097944,T,C,0,0.96,-1.212,-1.38
5,149907339,G,C,0,0.101,-0.699,-1.225
5,150378913,C,G,0,0.035,0.148,-0.086
5,150389924,C,T,0,0.004,-1.875,-1.618
5,150391600,C,T,0,0.649,-0.697,-0.542
5,150393422,G,A,0,0.91,2.016,1.203
5,177607326,C,T,0,0.938,-0.488,-0.131
5,179616202,G,A,0,0.125,-2.513,-0.634
5,180630234,C,T,0,0.182,-1.223,-1.722
5,33963727,T,G,0,0.799,0.289,1.173
5,36958221,T,C,0,0.992,0.406,0.026
5,37017099,G,A,0,0.901,0.363,0.598
5,37020856,C,T,0,0.998,1.618,2.837
5,37049166,G,A,0,0.998,4.494,2.609
5,37059073,T,C,0,0.996,0.675,0.948
5,37165554,G,T,0,0.929,-0.657,-0.48
5,37187757,T,C,0,0.973,0.723,1.777
5,41154985,A,G,0,0.97,-0.546,-0.572
5,42711311,C,A,0,0.663,-1.341,-0.385
5,42718103,C,T,0,0.591,0.717,1.68
5,60890901,C,T,0,0.928,-0.716,0.144
5,64785555,T,C,0,0.984,0.71,1.255
5,69544904,G,C,0,0.93,2.154,1.764
5,73909873,G,A,0,0.002,-4.829,-3.693
5,74718312,C,T,0,0.944,-0.929,-1.827
5,75511827,G,A,0,0.051,1.666,1.291
5,75596979,A,G,0,0.017,-0.293,0.427
5,75674436,T,C,0,0.557,-1.192,-0.254
5,87380527,T,C,0,0.969,0.761,0.998
5,88804604,G,A,0,0.992,0.336,0.955
5,90644863,A,G,0,0.98,1.866,2.72
6,105133497,C,G,0,0.969,0.93,0.752
6,129270665,T,C,0,0.909,0.697,1.062
6,129328409,C,T,0,0.599,0.937,1.743
6,129366358,A,G,0,0.427,-0.834,-0.192
6,133506174,T,C,0,0.937,0.742,1.156
6,138912780,A,G,0,0.62,0.408,0.303
6,157174102,C,T,0,0.996,-2.268,-3.116
6,157198898,A,T,0,0.99,-1.408,-0.374
6,157203987,T,C,0,0.995,-0.314,0.112
6,166931101,A,G,0,0.698,-1.848,-1.03
6,31861200,G,A,0,0.904,0.905,0.802
6,32040535,C,A,0,0.543,0.393,0.843
6,32040680,C,T,0,0.468,-3.135,-2.939
6,32040945,G,A,0,0.019,-0.605,-1.219
6,33432246,G,A,0,0.992,2.799,2.085
6,42051482,C,T,0,0.959,-4.256,-4.758
6,44306521,A,G,0,0.926,-0.935,0.033
6,45491942,G,A,0,0.998,4.494,4.282
6,49457700,A,G,0,0.356,0.03,0.432
6,51903684,G,A,0,0.348,1.951,1.864
6,52071013,G,A,0,0.067,0.181,0.282
6,52084888,A,G,0,0.131,-0.391,-0.072
6,65344152,C,T,0,0.003,0.057,-0.054
6,73644434,A,G,0,0.882,-0.038,-0.364
6,98899282,G,T,0,0.998,2.928,6.514
7,100627910,C,T,0,0.436,0.497,0.991
7,105062260,C,T,0,0.995,0.305,0.515
7,105062263,T,A,0,0.997,1.228,1.599
7,105063419,C,T,0,0.988,1.608,2.542
7,107661797,G,A,0,0.697,0.808,1.453
7,107663362,A,G,0,0.991,-0.072,-0.309
7,107690180,G,T,0,0.99,2.101,2.465
7,107701919,G,A,0,0.904,0.337,0.66
7,107710166,A,G,0,0.578,1.301,1.003
7,107712595,G,A,0,0.586,-0.597,-0.065
7,113918670,C,T,0,0.249,-3.511,-2.142
7,117509133,A,G,0,0.953,-0.14,0.245
7,117531105,T,C,0,0.996,1.99,2.125
7,117542096,C,T,0,0.996,-0.65,-0.91
7,117590405,C,T,0,0.992,0.201,1.363
7,117603553,G,A,0,0.104,0.041,0.275
7,117603775,G,A,0,0.838,1.028,4.272
7,117606747,C,T,0,0.959,0.004,0.424
7,117627647,G,A,0,0.797,0.589,-0.103
7,117666949,G,A,0,0.975,2.921,6.058
7,124870914,C,T,0,0.951,-0.348,0.035
7,129208811,G,A,0,0.996,2.138,4.438
7,138739609,T,C,0,0.002,-2.168,-4.461
7,141611254,C,T,0,0.993,1.603,2.728
7,141708968,G,A,0,0.151,1.476,1.325
7,142941345,G,A,0,0.103,-3.409,-3.761
7,143316389,A,G,0,0.597,-0.422,-0.314
7,143319835,C,A,0,0.266,-1.587,-0.463
7,143321839,G,A,0,0.921,1.345,0.836
7,143323383,T,C,0,0.764,-2.055,-0.73
7,143341993,A,G,0,0.993,0.879,1.82
7,150950924,G,A,0,0.901,-0.85,-0.5
7,150950933,G,A,0,0.944,0.609,0.879
7,150957297,G,A,0,0.936,2.934,6.976
7,151181305,G,A,0,0.011,-2.851,-2.13
7,157005763,C,T,0,0.36,0.44,0.722
7,16216098,A,G,0,0.615,1.996,2.835
7,16308535,A,G,0,0.887,0.125,0.234
7,2540985,G,A,0,0.735,4.12,3.632
7,2540994,G,A,0,0.433,-3.816,-3.466
7,30977316,C,T,0,0.984,1.586,1.036
7,33351301,T,C,0,0.983,0.083,-0.067
7,35240906,C,T,0,0.992,-2.388,-1.489
7,44078791,C,T,0,0.492,-4.199,-3.431
7,44147661,G,A,0,0.991,-0.531,0.144
7,44147664,G,A,0,0.985,2.018,5.168
7,44149782,C,T,0,0.722,-0.193,1.382
7,44149987,G,A,0,0.104,-1.396,-1.973
7,44150971,G,A,0,0.867,-2.987,-2.282
7,44150974,C,T,0,0.936,0.507,1.223
7,44153317,G,A,0,0.998,2.109,3.315
7,44153326,G,A,0,0.984,-0.241,-0.158
7,44188924,G,A,0,0.889,-0.053,0.291
7,45063935,G,A,0,0.989,-0.054,-0.188
7,50499166,G,A,0,0.624,-1.079,0.411
7,5711767,G,A,0,0.983,2.988,7.785
7,5995543,G,A,0,0.993,2.132,1.697
7,5995615,T,C,0,0.68,0.369,0.089
7,65967761,A,G,0,0.54,-0.823,-0.128
7,66633425,C,A,0,0.958,1.37,2.471
7,81752166,A,G,0,0.994,0.412,0.127
7,87423918,T,C,0,0.972,-1.514,-0.68
7,87439700,T,C,0,0.503,-1.325,-0.359
7,92235457,T,A,0,0.996,1.988,1.578
7,94408817,C,T,0,0.933,-0.122,-0.453
7,94416494,T,C,0,0.994,1.997,2.672
7,94428366,C,T,0,0.986,-3.762,-1.841
7,96170078,G,A,0,0.998,0.384,1.182
7,96321945,G,A,0,0.09,1.053,1.364
7,99391229,C,T,0,0.983,1.549,2.103
8,10608938,A,G,0,0.001,-2.022,-2.647
8,10612481,G,A,0,0.001,-1.771,-1.537
8,132175465,C,T,0,0.977,-4.494,-4.839
8,142876247,C,G,0,0.644,0.033,0.231
8,142876250,G,A,0,0.582,-1.179,-0.904
8,142876253,C,T,0,0.584,0.048,-1.357
8,144514448,C,T,0,0.919,-0.014,-0.313
8,22163525,T,A,0,0.949,-0.727,-0.909
8,31067092,G,A,0,0.957,0.092,1.107
8,37753517,C,T,0,0.55,-2.062,-3.757
8,38421858,C,T,0,0.998,0.22,0.021
8,38424524,A,G,0,0.996,0.007,-0.119
8,42430201,G,A,0,0.163,-2.469,-1.991
8,42839318,A,G,0,0.998,0.814,2.361
8,54629387,G,A,0,0.006,0.137,0.516
8,60781008,G,A,0,0.276,-0.008,-0.245
8,60838246,A,G,0,0.961,-3.472,-4.4
8,61553061,C,T,0,0.937,-2.504,-2.871
8,63072984,G,A,0,0.991,0.051,0.328
8,93804827,G,C,0,0.993,-0.065,-0.138
8,93804866,T,G,0,0.979,0.076,0.98
8,99135724,T,G,0,0.957,0.406,1.875
9,101429761,T,C,0,0.965,0.229,0.574
9,105618074,C,T,0,0.844,2.907,0.67
9,120974845,G,A,0,0.279,0.144,1.536
9,124483003,A,G,0,0.138,1.58,5.766
9,124493069,G,A,0,0.993,0.525,0.254
9,124500621,A,T,0,0.998,0.447,0.242
9,127658448,G,A,0,0.857,2.129,0.605
9,127673258,G,A,0,0.932,-0.02,0.016
9,127678526,C,T,0,0.599,0.922,1.278
9,127818719,C,A,0,0.922,0.13,0.133
9,127819624,G,T,0,0.519,-0.01,-0.055
9,127819631,T,C,0,0.537,0.304,0.328
9,127819634,T,C,0,0.547,-0.888,-0.845
9,127824324,G,A,0,0.892,4.396,3.173
9,127829693,C,T,0,0.766,1.462,1.067
9,127843115,G,A,0,0.402,-0.071,0.115
9,132925590,G,A,0,0.993,4.494,4.792
9,133354673,G,T,0,0.19,0.595,0.448
9,134732115,G,A,0,0.039,-2.678,-2.273
9,134815611,C,T,0,0.441,-0.729,0.009
9,134815614,A,C,0,0.626,1.085,1.885
9,136370327,C,T,0,0.972,-0.324,0.267
9,137817496,G,A,0,0.851,1.969,1.308
9,21971188,G,A,0,0.245,1.443,0.121
9,336688,C,T,0,0.334,-0.141,-0.567
9,34485237,T,C,0,0.974,0.379,0.673
9,34649062,C,G,0,0.849,-0.042,-0.237
9,34649516,T,G,0,0.998,1.195,1.405
9,34649522,C,T,0,0.998,-1.168,-1.142
9,34658614,G,A,0,0.744,-0.014,-0.059
9,35807137,C,A,0,0.997,0.483,-0.061
9,36223397,G,A,0,0.998,1.455,2.152
9,36236892,A,G,0,0.993,0.158,1.118
9,69248218,C,T,0,0.994,-2.676,-2.957
9,74792669,G,A,0,0.348,0.543,0.786
9,77356855,C,T,0,0.606,-0.394,-0.678
9,77365564,T,C,0,0.96,0.678,2.765
9,77407604,C,G,0,0.977,-0.072,0.072
9,95125089,C,T,0,0.368,-0.229,-0.213
9,95477562,G,A,0,0.994,-1.102,0.006
9,97441845,A,G,0,0.996,-0.186,0.173
X,101357510,G,A,0,0.023,-1.422,-0.396
X,101358401,A,G,0,0.967,-0.064,1.013
X,101358404,C,T,0,0.972,0.696,0.092
X,101360123,A,G,0,0.941,0.15,0.198
X,101374542,C,T,0,0.95,0.281,1.53
X,101374587,A,G,0,0.905,-1.334,-0.945
X,103786681,G,A,0,0.998,3.729,4.549
X,103786699,G,A,0,0.997,3.729,7.009
X,103786702,A,G,0,0.997,2.749,3.574
X,103789380,A,T,0,0.923,-0.083,-0.874
X,108601982,T,C,0,0.901,0.104,-1.276
X,108606852,T,C,0,0.918,1.42,-0.399
X,108606870,A,G,0,0.182,-0.213,0.139
X,108677618,A,C,0,0.972,0.813,0.658
X,11298259,C,T,0,0.902,1.207,1.59
X,120446314,G,A,0,0.862,0.927,0.504
X,120532539,A,C,0,0.968,0.795,1.06
X,129567346,A,C,0,0.989,0.758,0.972
X,132097340,A,G,0,0.955,2.727,3.181
X,13735340,A,G,0,0.555,-2.072,-1.857
X,13755215,A,G,0,0.188,-0.868,0.279
X,139530824,A,G,0,0.965,-0.912,-0.245
X,139537075,T,C,0,0.988,-2.205,-0.508
X,139548427,G,A,0,0.389,0.979,0.147
X,139548454,T,C,0,0.427,0.303,0.095
X,139548487,A,T,0,0.577,1.42,1.17
X,139551240,C,T,0,0.742,-0.153,-0.012
X,139551255,C,T,0,0.958,0.278,0.224
X,147928348,G,A,0,0.997,-0.814,0.603
X,147932589,T,C,0,0.984,-0.353,0.09
X,149486983,G,T,0,0.021,-0.34,-0.156
X,149487016,A,G,0,0.326,-0.194,-0.445
X,149496367,A,C,0,0.688,0.939,0.086
X,149498110,G,A,0,0.963,0.266,-0.828
X,150619115,C,T,0,0.64,-0.443,0.374
X,150619127,G,T,0,0.34,1.436,1.446
X,150659732,T,C,0,0.698,-2.065,-1.298
X,152865953,C,T,0,0.446,-2.137,0.009
X,153693166,G,T,0,0.92,0.514,-1.724
X,153736245,G,A,0,0.567,-1.101,-0.73
X,153870138,G,T,0,0.127,-3.296,-5.862
X,153870835,T,G,0,0.867,1.551,3.274
X,153871130,T,C,0,0.874,-0.082,-0.319
X,153905770,G,A,0,0.929,1.452,3.246
X,154032224,A,G,0,0.989,0.875,2.244
X,154097621,T,G,0,0.961,0.814,0.831
X,154354837,G,A,0,0.932,1.386,0.958
X,154354840,G,A,0,0.909,0.227,0.186
X,154354891,C,T,0,0.59,-2.791,-4.976
X,154362267,G,A,0,0.28,-4.927,-7.895
X,154364616,G,A,0,0.266,-8.054,-5.965
X,154366574,C,A,0,0.691,-4.193,-7.13
X,154534349,G,C,0,0.902,0.103,0.914
X,154535991,G,C,0,0.545,0.559,0.794
X,154560494,G,A,0,0.969,1.456,1.519
X,154896125,A,G,0,0.951,-0.084,1.052
X,154904507,T,A,0,0.876,-1.138,-2.484
X,154904880,T,C,0,0.909,-2.36,-1.186
X,154904904,G,C,0,0.739,0.243,0.226
X,154904967,A,C,0,0.983,0.117,1.043
X,154928579,T,C,0,0.067,0.634,0.58
X,154931573,C,T,0,0.081,-2.13,-0.726
X,154953929,A,G,0,0.358,0.179,0.087
X,154953947,A,G,0,0.022,0.086,-0.157
X,154957158,C,T,0,0.888,2.471,2.387
X,154997049,G,T,0,0.895,0.21,0.106
X,18604022,C,T,0,0.993,0.697,0.657
X,18609539,T,C,0,0.779,-0.098,0.069
X,19353107,G,A,0,0.998,0.08,-0.201
X,19353140,C,T,0,0.973,0.673,1.384
X,19353164,G,C,0,0.597,-3.483,-2.08
X,19354532,T,C,0,0.994,-0.679,-0.159
X,19354547,C,G,0,0.991,0.645,0.484
X,19355477,G,A,0,0.957,0.938,1.995
X,21743795,T,C,0,0.885,0.393,0.168
X,22077543,C,T,0,0.252,-4.198,-2.422
X,22077618,G,A,0,0.866,-3.65,-1.41
X,22178305,C,T,0,0.762,-1.95,-1.511
X,22221623,T,C,0,0.992,0.514,2.004
X,31479026,C,T,0,0.992,0.694,0.137
X,32310094,C,T,0,0.783,0.674,0.838
X,32380549,T,C,0,0.868,-0.38,-0.058
X,32389507,A,G,0,0.841,-1.332,-0.382
X,32390116,C,G,0,0.952,-0.138,-0.086
X,32448474,C,G,0,0.921,-1.976,-0.796
X,32454677,T,C,0,0.952,0.324,0.185
X,32463442,T,C,0,0.297,-2.906,-0.432
X,32645012,C,T,0,0.93,0.646,-0.168
X,37782135,G,A,0,0.385,0.292,0.073
X,37783582,C,T,0,0.991,0.284,0.94
X,37783591,T,C,0,0.993,0.763,0.461
X,37793801,G,A,0,0.017,-2.311,-1.324
X,37801336,G,C,0,0.996,0.245,0.525
X,38403719,C,T,0,0.564,-1.03,0.224
X,38408786,T,C,0,0.277,1.381,1.422
X,38409010,C,T,0,0.993,0.676,2.709
X,40597272,T,C,0,0.881,-3.711,-1.266
X,40597305,G,A,0,0.991,0.771,0.491
X,40600857,G,A,0,0.779,2.327,0.622
X,41343798,A,T,0,0.995,-1.083,-0.316
X,41343807,T,G,0,0.989,0.693,-0.469
X,41534957,A,G,0,0.99,1.48,2.684
X,41559788,C,T,0,0.944,-2.556,-1.164
X,41636584,T,C,0,0.987,1.418,3.62
X,46837196,C,T,0,0.93,-0.749,-1.259
X,47241303,C,T,0,0.588,-5.782,-6.196
X,48684405,C,T,0,0.728,-0.342,0.373
X,48686911,G,A,0,0.989,0.749,0.231
X,48688087,T,C,0,0.99,0.065,-0.026
X,48791325,C,T,0,0.34,0.274,-0.066
X,49075875,C,T,0,0.323,-0.39,-0.244
X,49230486,C,T,0,0.971,-0.016,-0.171
X,50069988,T,C,0,0.988,-3.004,-0.66
X,53235801,C,T,0,0.997,2.509,0.697
X,53409468,C,T,0,0.853,0.296,1.131
X,55014771,G,A,0,0.995,-0.129,1.819
X,63665907,G,A,0,0.997,1.981,3.688
X,63674044,G,A,0,0.827,0.818,3.195
X,63678396,G,T,0,0.991,2.017,3.559
X,64919075,C,T,0,0.901,-0.082,-0.128
X,64921832,G,A,0,0.896,0.02,0.02
X,65529221,C,T,0,0.76,-0.922,-0.372
X,67722837,T,C,0,0.025,0.379,0.398
X,67723757,G,A,0,0.989,-0.541,-2.672
X,68829848,C,T,0,0.856,-0.952,-0.347
X,70029529,A,T,0,0.817,0.835,1.146
X,70033402,T,G,0,0.995,2.68,3.129
X,71108289,G,A,0,0.951,-4.434,-4.231
X,71108313,T,C,0,0.986,-1.284,-1.582
X,71297926,C,T,0,0.992,-0.172,0.405
X,71397363,C,A,0,0.963,2.518,1.547
X,77447701,C,A,0,0.709,0.178,0.314
X,78020395,A,G,0,0.849,0.759,0.118
X,78117320,C,T,0,0.78,-2.187,-0.43
X,85900658,A,G,0,0.388,0.683,0.23
X,9760720,A,G,0,0.223,-0.648,-0.106
